"BA",  "1328",  "SHT", "12W",   "03/12/2017 00:00", "D", "",                    
"BA",  "197",   "BAW", "97A",   "29/03/2015 00:00", "D", "",                    
"VS",  "411",   "VIR", "411Y",  "28/10/2018 00:00", "D", "",                    
"VS",  "412",   "VIR", "412W",  "28/10/2018 00:00", "A", "",                    
"BA",  "172F",  "BAW", "172",   "08/04/2020 00:00", "A", "",                    
"BA",  "208F",  "BAW", "208",   "08/04/2020 00:00", "A", "",                    
"EI",  "168",   "EIN", "168E",  "30/10/2016 00:00", "A", "",                    
"BA",  "018F",  "BAW", "18",    "19/04/2020 00:00", "A", "",                    
"BA",  "160F",  "BAW", "160",   "11/04/2020 00:00", "A", "",                    
"BA",  "012F",  "BAW", "12",    "03/04/2020 00:00", "A", "",                    
"BA",  "168F",  "BAW", "168",   "08/04/2020 00:00", "A", "",                    
"BA",  "006F",  "BAW", "6",     "09/04/2020 00:00", "A", "",                    
"BA",  "161F",  "BAW", "161",   "10/04/2020 00:00", "D", "",                    
"BA",  "169F",  "BAW", "169",   "08/04/2020 00:00", "D", "",                    
"BA",  "005F",  "BAW", "5",     "08/04/2020 00:00", "D", "",                    
"BA",  "117F",  "BAW", "117",   "08/04/2020 00:00", "D", "",                    
"BA",  "089F",  "BAW", "89",    "15/04/2020 00:00", "D", "",                    
"BA",  "209F",  "BAW", "209",   "07/04/2020 00:00", "D", "",                    
"BA",  "015",   "BAW", "15",    "17/04/2020 00:00", "D", "",                    
"BA",  "1425",  "SHT", "88G",   "31/03/2019 00:00", "A", "",                    
"BA",  "027F",  "BAW", "27",    "05/04/2020 00:00", "D", "",                    
"BR",  "070",   "EVA", "070",   "20/04/2020 00:00", "D", "",                    
"BA",  "031F",  "BAW", "31",    "27/04/2020 00:00", "D", "",                    
"BA",  "032F",  "BAW", "32",    "27/04/2020 00:00", "A", "",                    
"BA",  "055F",  "BAW", "55",    "27/04/2020 00:00", "D", "",                    
"BA",  "056F",  "BAW", "56",    "27/04/2020 00:00", "A", "",                    
"BA",  "057F",  "BAW", "57",    "27/04/2020 00:00", "D", "",                    
"BA",  "017F",  "BAW", "17",    "27/04/2020 00:00", "D", "",                    
"BA",  "904F",  "BAW", "904",   "27/04/2020 00:00", "D", "",                    
"BA",  "905F",  "BAW", "905",   "27/04/2020 00:00", "A", "",                    
"EI",  "930",   "EIN", "9RV",   "31/03/2019 00:00", "A", "",                    
"EI",  "936",   "EIN", "93D",   "31/03/2019 00:00", "A", "",                    
"BA",  "1440",  "SHT", "8G",    "28/10/2012 00:00", "D", "",                    
"EI",  "184",   "EIN", "18D",   "31/03/2019 00:00", "A", "",                    
"TP",  "1351",  "TAP", "135E",  "30/12/2019 00:00", "D", "",                    
"LH",  "902",   "DLH", "5PL",   "29/03/2020 00:00", "A", "",                    
"AY",  "832",   "FIN", "49D",   "29/05/2017 00:00", "D", "",                    
"BA",  "311",   "BAW", "311D",  "31/03/2019 00:00", "A", "",                    
"LX",  "333",   "SWR", "30K",   "31/03/2013 00:00", "D", "",                    
"AY",  "1339",  "FIN", "7GR",   "29/10/2017 00:00", "A", "",                    
"BA",  "339",   "BAW", "339Q",  "31/03/2019 00:00", "A", "",                    
"BA",  "348",   "BAW", "348K",  "31/03/2019 00:00", "D", "",                    
"BA",  "388",   "BAW", "388R",  "31/03/2019 00:00", "D", "",                    
"BA",  "412",   "BAW", "412M",  "31/03/2019 00:00", "D", "",                    
"AY",  "1342",  "FIN", "19H",   "29/10/2017 00:00", "D", "",                    
"BA",  "173",   "BAW", "173A",  "29/10/2017 00:00", "D", "",                    
"VS",  "020",   "VIR", "20V",   "01/04/2013 00:00", "A", "",                    
"VS",  "003",   "VIR", "3N",    "01/04/2013 00:00", "D", "",                    
"VS",  "005",   "VIR", "5C",    "30/10/2011 00:00", "D", "",                    
"VS",  "006",   "VIR", "6J",    "30/10/2011 00:00", "A", "",                    
"BA",  "422",   "BAW", "422V",  "31/03/2019 00:00", "D", "",                    
"VS",  "011",   "VIR", "11B",   "30/10/2011 00:00", "D", "",                    
"VS",  "045",   "VIR", "45W",   "30/10/2011 00:00", "D", "",                    
"VS",  "401",   "VIR", "401Y",  "30/10/2011 00:00", "A", "",                    
"VS",  "651",   "VIR", "651Y",  "30/10/2011 00:00", "D", "",                    
"VS",  "652",   "VIR", "652W",  "30/10/2011 00:00", "A", "",                    
"BA",  "465",   "BAW", "465M",  "31/03/2019 00:00", "A", "",                    
"BA",  "057",   "BAW", "57K",   "30/10/2011 00:00", "D", "",                    
"JU",  "381",   "ASL", "42J",   "09/04/2015 00:00", "D", "",                    
"BA",  "493",   "BAW", "493U",  "31/03/2019 00:00", "A", "",                    
"BA",  "271",   "BAW", "271V",  "29/10/2017 00:00", "D", "",                    
"BA",  "502",   "BAW", "502P",  "31/03/2019 00:00", "D", "",                    
"BA",  "441",   "BAW", "41HA",  "30/10/2011 00:00", "A", "",                    
"BA",  "586",   "BAW", "56BA",  "31/03/2019 00:00", "D", "",                    
"SK",  "533",   "SAS", "31A",   "30/10/2016 00:00", "A", "",                    
"EW",  "4463",  "EWG", "83P",   "31/10/2016 00:00", "D", "",                    
"JU",  "380",   "ASL", "51G",   "09/04/2015 00:00", "A", "",                    
"BA",  "714",   "BAW", "714T",  "30/10/2011 00:00", "D", "",                    
"BA",  "942",   "BAW", "2LT",   "30/10/2011 00:00", "D", "",                    
"BA",  "944",   "BAW", "4LT",   "30/10/2011 00:00", "D", "",                    
"BA",  "337",   "BAW", "8PY",   "20/04/2015 00:00", "A", "",                    
"BA",  "604",   "BAW", "604P",  "31/03/2019 00:00", "D", "",                    
"BA",  "052",   "BAW", "4EA",   "24/04/2015 00:00", "A", "",                    
"BA",  "392",   "BAW", "392R",  "29/10/2017 00:00", "D", "",                    
"EI",  "711",   "EIN", "71Y",   "27/03/2016 00:00", "D", "",                    
"BA",  "608",   "BAW", "608D",  "31/03/2019 00:00", "D", "",                    
"BA",  "103",   "BAW", "1YC",   "27/03/2016 00:00", "D", "",                    
"JU",  "387",   "ASL", "58T",   "25/04/2015 00:00", "D", "",                    
"BA",  "460",   "BAW", "460M",  "29/10/2017 00:00", "D", "",                    
"BA",  "644",   "BAW", "644X",  "31/03/2019 00:00", "D", "",                    
"BA",  "177",   "BAW", "04A",   "27/03/2016 00:00", "D", "",                    
"BA",  "203",   "BAW", "50G",   "27/03/2016 00:00", "D", "",                    
"BA",  "649",   "BAW", "649F",  "31/03/2019 00:00", "A", "",                    
"BA",  "967",   "BAW", "94HG",  "30/10/2016 00:00", "A", "",                    
"BA",  "821",   "BAW", "821C",  "31/03/2019 00:00", "A", "",                    
"BA",  "491",   "BAW", "491U",  "29/10/2017 00:00", "A", "",                    
"BA",  "862",   "BAW", "862U",  "31/03/2019 00:00", "D", "",                    
"BA",  "896",   "BAW", "91PY",  "31/03/2019 00:00", "D", "",                    
"BA",  "450",   "BAW", "6PW",   "27/03/2016 00:00", "D", "",                    
"BA",  "496",   "BAW", "8PW",   "27/03/2016 00:00", "D", "",                    
"BA",  "420",   "BAW", "20LX",  "05/11/2018 00:00", "D", "",                    
"BA",  "114",   "BAW", "14K",   "27/03/2016 00:00", "A", "",                    
"BA",  "288",   "BAW", "38P",   "27/03/2016 00:00", "A", "",                    
"LH",  "918",   "DLH", "3AF",   "29/03/2020 00:00", "A", "",                    
"BA",  "451",   "BAW", "7PW",   "27/03/2016 00:00", "A", "",                    
"BA",  "497",   "BAW", "9PW",   "27/03/2016 00:00", "A", "",                    
"BA",  "701",   "BAW", "701V",  "27/03/2016 00:00", "A", "",                    
"BA",  "801",   "BAW", "80KA",  "27/03/2016 00:00", "A", "",                    
"BA",  "1397",  "SHT", "197",   "31/03/2019 00:00", "A", "",                    
"BA",  "733",   "BAW", "733C",  "27/03/2016 00:00", "A", "",                    
"BA",  "995",   "BAW", "9GM",   "27/03/2016 00:00", "A", "",                    
"BA",  "8633",  "BAW", "863F",  "31/03/2019 00:00", "A", "",                    
"LH",  "2472",  "DLH", "1UK",   "29/03/2020 00:00", "A", "",                    
"EW",  "2462",  "EWG", "7ST",   "31/03/2019 00:00", "A", "",                    
"BA",  "1498",  "SHT", "6U",    "30/10/2011 00:00", "D", "",                    
"BA",  "064",   "BAW", "64M",   "31/03/2013 00:00", "A", "",                    
"BA",  "229",   "BAW", "22B",   "02/04/2013 00:00", "D", "",                    
"BA",  "332",   "BAW", "332P",  "31/03/2013 00:00", "D", "",                    
"BA",  "361",   "BAW", "42Y",   "31/03/2013 00:00", "A", "",                    
"VS",  "009",   "VIR", "9M",    "02/04/2013 00:00", "D", "",                    
"BA",  "376",   "BAW", "6DP",   "31/03/2013 00:00", "D", "",                    
"BA",  "459",   "BAW", "45EM",  "31/03/2013 00:00", "A", "",                    
"BA",  "301",   "BAW", "301U",  "29/03/2020 00:00", "A", "",                    
"VS",  "023",   "VIR", "23J",   "01/04/2013 00:00", "D", "",                    
"BA",  "968",   "BAW", "968H",  "29/03/2020 00:00", "D", "",                    
"BA",  "849",   "BAW", "85GA",  "06/01/2014 00:00", "A", "",                    
"VS",  "025",   "VIR", "25B",   "22/01/2013 00:00", "D", "",                    
"BA",  "549",   "BAW", "45T",   "06/01/2014 00:00", "A", "",                    
"LX",  "354",   "SWR", "46V",   "29/03/2020 00:00", "A", "",                    
"BA",  "597",   "BAW", "597C",  "25/03/2012 00:00", "A", "",                    
"BA",  "641",   "BAW", "66GA",  "25/03/2012 00:00", "A", "",                    
"BA",  "404",   "BAW", "404R",  "25/03/2012 00:00", "D", "",                    
"BA",  "1460",  "SHT", "8M",    "25/03/2012 00:00", "D", "",                    
"BA",  "1461",  "SHT", "9V",    "25/03/2012 00:00", "A", "",                    
"LX",  "355",   "SWR", "31H",   "29/03/2020 00:00", "D", "",                    
"QY",  "6757",  "BCS", "35P",   "06/04/2020 00:00", "A", "",                    
"BA",  "093",   "BAW", "9L",    "31/03/2012 00:00", "D", "",                    
"LX",  "340",   "SWR", "24H",   "27/03/2016 00:00", "A", "",                    
"BA",  "3286",  "CFE", "5GJ",   "10/04/2020 00:00", "D", "",                    
"BA",  "802",   "BAW", "130T",  "30/10/2016 00:00", "D", "",                    
"BA",  "196",   "BAW", "196E",  "30/10/2016 00:00", "A", "",                    
"BA",  "292",   "BAW", "3C",    "30/10/2016 00:00", "A", "",                    
"BA",  "697",   "BAW", "697V",  "30/10/2016 00:00", "A", "",                    
"BA",  "699",   "BAW", "699W",  "30/10/2016 00:00", "A", "",                    
"BA",  "700",   "BAW", "700W",  "30/10/2016 00:00", "D", "",                    
"BA",  "270",   "BAW", "79V",   "30/10/2016 00:00", "A", "",                    
"BA",  "845",   "BAW", "845D",  "30/10/2016 00:00", "A", "",                    
"BA",  "278",   "BAW", "89P",   "30/10/2016 00:00", "A", "",                    
"EI",  "035",   "EIN", "03T",   "23/08/2015 00:00", "D", "",                    
"EI",  "931",   "EIN", "93C",   "31/03/2019 00:00", "D", "",                    
"BA",  "1480",  "SHT", "6V",    "18/05/2018 00:00", "D", "",                    
"BA",  "564",   "BAW", "564Y",  "29/10/2017 00:00", "D", "",                    
"BA",  "598",   "BAW", "598D",  "29/10/2017 00:00", "D", "",                    
"BA",  "805",   "BAW", "5LG",   "30/10/2016 00:00", "A", "",                    
"VY",  "7840",  "VLG", "78AL",  "16/01/2018 00:00", "A", "",                    
"BA",  "217",   "BAW", "7W",    "25/10/2015 00:00", "D", "",                    
"BA",  "273",   "BAW", "44N",   "25/10/2015 00:00", "D", "",                    
"BA",  "490",   "BAW", "490U",  "25/10/2015 00:00", "D", "",                    
"BA",  "838",   "BAW", "85Q",   "25/10/2015 00:00", "D", "",                    
"BA",  "846",   "BAW", "846W",  "25/10/2015 00:00", "D", "",                    
"BA",  "994",   "BAW", "994G",  "25/10/2015 00:00", "D", "",                    
"BA",  "704",   "BAW", "704W",  "30/10/2016 00:00", "D", "",                    
"BA",  "216",   "BAW", "6W",    "25/10/2015 00:00", "A", "",                    
"BA",  "367",   "BAW", "16MT",  "25/10/2015 00:00", "A", "",                    
"BA",  "399",   "BAW", "399R",  "25/10/2015 00:00", "A", "",                    
"BA",  "708",   "BAW", "708Z",  "29/10/2017 00:00", "D", "",                    
"BA",  "833",   "BAW", "38DB",  "25/10/2015 00:00", "A", "",                    
"BA",  "979",   "BAW", "97DV",  "25/10/2015 00:00", "A", "",                    
"EI",  "387",   "EIN", "3YR",   "06/03/2020 00:00", "D", "",                    
"BA",  "1479",  "SHT", "7C",    "25/10/2015 00:00", "A", "",                    
"BA",  "9118",  "BAW", "2DF",   "25/10/2015 00:00", "A", "",                    
"BA",  "757",   "BAW", "33BL",  "29/10/2017 00:00", "A", "",                    
"EI",  "385",   "EIN", "38W",   "30/03/2014 00:00", "D", "",                    
"EI",  "155",   "EIN", "15N",   "30/03/2014 00:00", "D", "",                    
"BA",  "9172E", "BAW", "9172",  "01/01/2012 00:00", "D", "",                    
"BA",  "9171E", "BAW", "9171",  "01/01/2012 00:00", "A", "",                    
"BA",  "9170E", "BAW", "9170",  "01/01/2012 00:00", "A", "",                    
"BA",  "058",   "BAW", "58L",   "03/07/2003 00:00", "A", "",                    
"BA",  "1303",  "SHT", "19N",   "27/03/2005 00:00", "A", "",                    
"BA",  "1452",  "SHT", "8U",    "31/03/2013 00:00", "D", "",                    
"BA",  "915",   "BAW", "915U",  "11/04/2005 00:00", "A", "",                    
"BA",  "947",   "BAW", "947L",  "14/04/2005 00:00", "A", "",                    
"EI",  "713",   "EIN", "7LM",   "09/08/2017 00:00", "D", "",                    
"BA",  "1307",  "SHT", "19M",   "07/05/2005 00:00", "A", "",                    
"BA",  "1491",  "SHT", "7J",    "31/03/2013 00:00", "A", "",                    
"BA",  "606",   "BAW", "606T",  "13/04/2019 00:00", "D", "",                    
"EI",  "156",   "EIN", "1GR",   "15/04/2019 00:00", "A", "",                    
"BA",  "9171E", "BAW", "9171",  "01/01/2012 00:00", "D", "",                    
"BA",  "9172E", "BAW", "9172",  "01/01/2012 00:00", "A", "",                    
"BA",  "9173E", "BAW", "9173",  "01/01/2012 00:00", "A", "",                    
"BA",  "9173E", "BAW", "9173",  "01/01/2012 00:00", "D", "",                    
"BA",  "9174E", "BAW", "9174",  "01/01/2012 00:00", "A", "",                    
"BA",  "9174E", "BAW", "9174",  "01/01/2012 00:00", "D", "",                    
"BA",  "1478",  "SHT", "6N",    "09/01/2012 00:00", "D", "",                    
"EI",  "157",   "EIN", "1XL",   "15/04/2019 00:00", "D", "",                    
"BA",  "713",   "BAW", "3ZL",   "18/12/2011 00:00", "A", "",                    
"EI",  "149",   "EIN", "14Y",   "10/01/2012 00:00", "D", "",                    
"BA",  "1473",  "SHT", "7R",    "16/01/2012 00:00", "A", "",                    
"BA",  "544",   "BAW", "544K",  "28/10/2012 00:00", "D", "",                    
"AY",  "995",   "FIN", "50X",   "01/11/2014 00:00", "A", "",                    
"BA",  "1447",  "SHT", "9G",    "28/10/2012 00:00", "A", "",                    
"BA",  "1444",  "SHT", "8W",    "28/10/2012 00:00", "D", "",                    
"BA",  "1449",  "SHT", "9K",    "28/10/2012 00:00", "A", "",                    
"BA",  "370",   "BAW", "35MM",  "17/11/2012 00:00", "D", "",                    
"BA",  "373",   "BAW", "4DP",   "01/12/2012 00:00", "A", "",                    
"BA",  "955",   "BAW", "955L",  "20/11/2014 00:00", "A", "",                    
"EI",  "174",   "EIN", "17A",   "30/03/2014 00:00", "A", "",                    
"EI",  "030",   "EIN", "03RV",  "04/10/2017 00:00", "A", "",                    
"BA",  "589",   "BAW", "14GM",  "28/10/2012 00:00", "A", "",                    
"BA",  "1315",  "SHT", "19BT",  "28/04/2019 00:00", "A", "",                    
"BG",  "001",   "BBC", "001",   "01/11/2014 00:00", "A", "",                    
"BA",  "753",   "BAW", "753",   "31/10/2016 00:00", "A", "",                    
"BG",  "002",   "BBC", "002",   "01/11/2014 00:00", "D", "",                    
"BA",  "567",   "BAW", "567M",  "30/03/2014 00:00", "A", "",                    
"BA",  "1392",  "SHT", "2S",    "27/04/2019 00:00", "D", "",                    
"JU",  "386",   "ASL", "23H",   "27/04/2019 00:00", "A", "",                    
"BA",  "182",   "BAW", "18A",   "27/03/2011 00:00", "A", "",                    
"BA",  "774",   "BAW", "774F",  "28/10/2012 00:00", "D", "",                    
"BA",  "226",   "BAW", "23T",   "27/03/2011 00:00", "A", "",                    
"BA",  "580",   "BAW", "580M",  "08/05/2019 00:00", "D", "",                    
"BA",  "354",   "BAW", "354N",  "27/05/2007 00:00", "D", "",                    
"BA",  "950",   "BAW", "950M",  "23/11/2003 00:00", "D", "",                    
"BA",  "445",   "BAW", "64VC",  "05/05/2019 00:00", "A", "",                    
"BA",  "064F",  "BAW", "64",    "11/05/2020 00:00", "A", "",                    
"BA",  "138F",  "BAW", "138",   "11/05/2020 00:00", "A", "",                    
"BA",  "106F",  "BAW", "106",   "11/05/2020 00:00", "A", "",                    
"BA",  "206F",  "BAW", "206",   "11/05/2020 00:00", "A", "",                    
"LX",  "332",   "SWR", "63Y",   "01/04/2019 00:00", "A", "",                    
"BA",  "112F",  "BAW", "112",   "11/05/2020 00:00", "A", "",                    
"RJ",  "111",   "RJA", "36C",   "01/04/2019 00:00", "A", "",                    
"LX",  "356",   "SWR", "56M",   "01/04/2019 00:00", "A", "",                    
"EY",  "017",   "ETD", "57X",   "01/04/2019 00:00", "A", "",                    
"BA",  "286F",  "BAW", "286",   "11/05/2020 00:00", "A", "",                    
"BA",  "334",   "BAW", "334",   "01/04/2019 00:00", "D", "",                    
"BA",  "293F",  "BAW", "293",   "18/05/2020 00:00", "D", "",                    
"LX",  "353",   "SWR", "33U",   "01/04/2019 00:00", "D", "",                    
"BA",  "065F",  "BAW", "65",    "18/05/2020 00:00", "D", "",                    
"MK",  "042",   "MAU", "42",    "01/04/2019 00:00", "A", "",                    
"A3",  "606",   "AEE", "6LW",   "05/05/2019 00:00", "A", "",                    
"BA",  "184",   "BAW", "9E",    "06/05/2019 00:00", "A", "",                    
"AY",  "1332",  "FIN", "7KL",   "01/04/2019 00:00", "D", "",                    
"BA",  "232F",  "BAW", "232",   "18/05/2020 00:00", "A", "",                    
"BA",  "1424",  "SHT", "86T",   "01/04/2019 00:00", "D", "",                    
"BA",  "244F",  "BAW", "244",   "18/05/2020 00:00", "A", "",                    
"SK",  "1524",  "SAS", "22A",   "31/03/2019 00:00", "D", "",                    
"BA",  "092F",  "BAW", "92",    "18/05/2020 00:00", "A", "",                    
"BA",  "245F",  "BAW", "245",   "18/05/2020 00:00", "D", "",                    
"BA",  "1416",  "SHT", "96HD",  "13/05/2019 00:00", "D", "",                    
"BA",  "242F",  "BAW", "242",   "18/05/2020 00:00", "A", "",                    
"BA",  "243F",  "BAW", "243",   "18/05/2020 00:00", "D", "",                    
"BA",  "536",   "BAW", "536",   "02/04/2019 00:00", "D", "",                    
"RJ",  "112",   "RJA", "92P",   "02/04/2019 00:00", "D", "",                    
"LX",  "349",   "SWR", "349R",  "01/04/2019 00:00", "D", "",                    
"BA",  "1466",  "SHT", "1466",  "01/04/2019 00:00", "D", "",                    
"BA",  "247F",  "BAW", "247",   "18/05/2020 00:00", "D", "",                    
"LX",  "352",   "SWR", "49M",   "03/04/2019 00:00", "A", "",                    
"BA",  "246F",  "BAW", "246",   "18/05/2020 00:00", "A", "",                    
"BA",  "344",   "BAW", "344N",  "03/04/2019 00:00", "D", "",                    
"BA",  "1467",  "SHT", "1467",  "03/04/2019 00:00", "A", "",                    
"BA",  "276F",  "BAW", "276",   "25/05/2020 00:00", "A", "",                    
"BA",  "219",   "BAW", "219V",  "07/04/2019 00:00", "D", "",                    
"BA",  "1481",  "SHT", "7N",    "03/04/2019 00:00", "A", "",                    
"EI",  "937",   "EIN", "93X",   "04/04/2019 00:00", "D", "",                    
"BA",  "054F",  "BAW", "54",    "25/05/2020 00:00", "A", "",                    
"BA",  "295F",  "BAW", "295",   "01/06/2020 00:00", "D", "",                    
"LO",  "281",   "LOT", "2HR",   "04/04/2019 00:00", "A", "",                    
"BA",  "330",   "BAW", "330J",  "12/05/2019 00:00", "D", "",                    
"BA",  "794",   "BAW", "794H",  "12/05/2019 00:00", "D", "",                    
"BA",  "453",   "BAW", "53KP",  "26/03/2017 00:00", "A", "",                    
"BA",  "653",   "BAW", "65TR",  "26/03/2017 00:00", "A", "",                    
"BA",  "277F",  "BAW", "277",   "01/06/2020 00:00", "D", "",                    
"BA",  "835",   "BAW", "835W",  "26/03/2017 00:00", "A", "",                    
"BA",  "987",   "BAW", "87AM",  "26/03/2017 00:00", "A", "",                    
"BA",  "1306",  "SHT", "18LA",  "28/05/2019 00:00", "D", "",                    
"BA",  "9139C", "BAW", "9139",  "26/03/2017 00:00", "A", "",                    
"BA",  "9221C", "BAW", "9221",  "26/03/2017 00:00", "A", "",                    
"LH",  "900",   "DLH", "1CK",   "25/10/2020 00:00", "A", "",                    
"BA",  "9249",  "BAW", "9249",  "26/03/2017 00:00", "A", "",                    
"BA",  "253",   "BAW", "253M",  "26/03/2017 00:00", "D", "",                    
"SQ",  "7394",  "SIA", "7394",  "11/05/2002 00:00", "A", "",                    
"SQ",  "7396",  "SIA", "7396",  "07/10/2001 00:00", "A", "",                    
"BA",  "9117",  "BAW", "1DF",   "25/10/2015 00:00", "D", "",                    
"BA",  "322",   "BAW", "3PG",   "30/10/2016 00:00", "D", "",                    
"BA",  "170",   "BAW", "170T",  "29/03/2020 00:00", "A", "",                    
"BA",  "327",   "BAW", "327X",  "29/03/2020 00:00", "A", "",                    
"BA",  "499",   "BAW", "499C",  "29/03/2020 00:00", "A", "",                    
"BA",  "609",   "BAW", "609D",  "29/03/2020 00:00", "A", "",                    
"BAW", "619",   "BAW", "619D",  "29/03/2020 00:00", "A", "",                    
"BA",  "1433",  "SHT", "9T",    "31/03/2019 00:00", "A", "",                    
"VS",  "301",   "VIR", "301C",  "25/10/2015 00:00", "A", "",                    
"BA",  "1437",  "SHT", "9W",    "25/10/2015 00:00", "A", "",                    
"BA",  "482",   "BAW", "482P",  "28/10/2018 00:00", "D", "",                    
"BA",  "484",   "BAW", "484C",  "28/10/2018 00:00", "D", "",                    
"BA",  "1436",  "SHT", "8T",    "25/10/2015 00:00", "D", "",                    
"BA",  "803",   "BAW", "803",   "02/11/2015 00:00", "A", "",                    
"AY",  "840",   "FIN", "8EA",   "27/08/2015 00:00", "D", "",                    
"BA",  "797",   "BAW", "797G",  "29/10/2017 00:00", "A", "",                    
"BA",  "566",   "BAW", "141M",  "25/07/2016 00:00", "D", "",                    
"A3",  "608",   "AEE", "2FL",   "28/03/2016 00:00", "A", "",                    
"A3",  "772",   "AEE", "7LR",   "14/02/2017 00:00", "A", "",                    
"BA",  "541",   "BAW", "541A",  "28/10/2018 00:00", "A", "",                    
"BA",  "807",   "BAW", "807K",  "29/10/2017 00:00", "A", "",                    
"BA",  "621",   "BAW", "621C",  "29/03/2020 00:00", "A", "",                    
"BA",  "827",   "BAW", "42DB",  "29/10/2017 00:00", "A", "",                    
"LX",  "319",   "SWR", "33J",   "21/01/2016 00:00", "D", "",                    
"BA",  "851",   "BAW", "851W",  "29/10/2017 00:00", "A", "",                    
"VS",  "462",   "VIR", "462M",  "03/01/2019 00:00", "A", "",                    
"LX",  "338",   "SWR", "26H",   "21/01/2016 00:00", "A", "",                    
"EI",  "036",   "EIN", "03D",   "27/03/2016 00:00", "A", "",                    
"BA",  "867",   "BAW", "12DT",  "21/11/2016 00:00", "A", "",                    
"BA",  "859",   "BAW", "859P",  "29/10/2017 00:00", "A", "",                    
"BR",  "067",   "EVA", "067",   "27/03/2016 00:00", "A", "",                    
"BA",  "762",   "BAW", "8VK",   "02/02/2016 00:00", "D", "",                    
"AY",  "3125",  "FIN", "1XB",   "16/01/2017 00:00", "A", "",                    
"BA",  "860",   "BAW", "860J",  "29/10/2017 00:00", "D", "",                    
"BA",  "543",   "BAW", "543Q",  "28/10/2018 00:00", "A", "",                    
"BA",  "560",   "BAW", "560F",  "28/10/2018 00:00", "D", "",                    
"EY",  "018",   "ETD", "69K",   "03/04/2016 00:00", "D", "",                    
"LX",  "316",   "SWR", "31J",   "27/03/2016 00:00", "A", "",                    
"BA",  "926",   "BAW", "926M",  "20/11/2016 00:00", "D", "",                    
"BA",  "866",   "BAW", "866H",  "29/10/2017 00:00", "D", "",                    
"BA",  "654",   "BAW", "654C",  "28/10/2018 00:00", "D", "",                    
"BA",  "1468",  "SHT", "1468",  "03/05/2016 00:00", "D", "",                    
"BA",  "506",   "BAW", "506",   "09/05/2016 00:00", "D", "",                    
"BA",  "682",   "BAW", "682Z",  "28/10/2018 00:00", "D", "",                    
"BA",  "969",   "BAW", "969H",  "29/10/2017 00:00", "A", "",                    
"BA",  "9233C", "BAW", "24HL",  "07/05/2016 00:00", "A", "",                    
"BA",  "686",   "BAW", "93G",   "28/10/2018 00:00", "D", "",                    
"BA",  "378",   "BAW", "3TV",   "16/12/2016 00:00", "D", "",                    
"EI",  "031",   "EIN", "03C",   "11/01/2017 00:00", "D", "",                    
"BA",  "726",   "BAW", "726P",  "28/10/2018 00:00", "D", "",                    
"BA",  "610",   "BAW", "87PC",  "11/06/2016 00:00", "D", "",                    
"BA",  "743",   "BAW", "743U",  "28/10/2018 00:00", "A", "",                    
"BA",  "996",   "BAW", "996G",  "01/07/2016 00:00", "D", "",                    
"BA",  "966",   "BAW", "966H",  "01/07/2016 00:00", "D", "",                    
"BA",  "355",   "BAW", "70CE",  "04/07/2016 00:00", "A", "",                    
"BA",  "750",   "BAW", "750P",  "28/10/2018 00:00", "D", "",                    
"KL",  "1017",  "KLM", "89A",   "05/07/2016 00:00", "A", "",                    
"BA",  "981",   "BAW", "4AB",   "29/10/2017 00:00", "A", "",                    
"BA",  "707",   "BAW", "707H",  "21/11/2015 00:00", "A", "",                    
"BA",  "999",   "BAW", "10AB",  "29/10/2017 00:00", "A", "",                    
"BA",  "8630",  "BAW", "63FD",  "29/10/2017 00:00", "D", "",                    
"BA",  "8631",  "BAW", "86FD",  "29/10/2017 00:00", "A", "",                    
"AY",  "831",   "FIN", "2NC",   "26/11/2015 00:00", "A", "",                    
"BA",  "752",   "BAW", "752B",  "28/10/2018 00:00", "D", "",                    
"BA",  "826",   "BAW", "826Q",  "28/10/2018 00:00", "D", "",                    
"BA",  "836",   "BAW", "84DM",  "28/10/2018 00:00", "D", "",                    
"BA",  "853",   "BAW", "853S",  "28/10/2018 00:00", "A", "",                    
"BA",  "857",   "BAW", "34V",   "28/10/2018 00:00", "A", "",                    
"BA",  "873",   "BAW", "8TK",   "28/10/2018 00:00", "A", "",                    
"BA",  "907",   "BAW", "907U",  "28/10/2018 00:00", "A", "",                    
"BA",  "964",   "BAW", "964H",  "28/10/2018 00:00", "D", "",                    
"BA",  "976",   "BAW", "976K",  "28/10/2018 00:00", "D", "",                    
"VS",  "400",   "VIR", "400M",  "28/10/2012 00:00", "D", "",                    
"BA",  "992",   "BAW", "992G",  "09/04/2012 00:00", "D", "",                    
"BA",  "759",   "BAW", "1BG",   "26/10/2014 00:00", "A", "",                    
"VS",  "103",   "VIR", "103M",  "27/10/2014 00:00", "D", "",                    
"BA",  "985",   "BAW", "6AM",   "27/04/2012 00:00", "A", "",                    
"OU",  "4491",  "CTN", "491F",  "28/03/2012 00:00", "D", "",                    
"AT",  "801",   "RAM", "801F",  "01/04/2013 00:00", "D", "",                    
"KL",  "1012",  "KLM", "80F",   "01/11/2017 00:00", "D", "",                    
"BA",  "727",   "BAW", "27G",   "31/03/2013 00:00", "A", "",                    
"BA",  "943",   "BAW", "3DL",   "31/03/2013 00:00", "A", "",                    
"BA",  "975",   "BAW", "975H",  "31/03/2013 00:00", "A", "",                    
"BA",  "1310",  "SHT", "18D",   "31/03/2013 00:00", "D", "",                    
"BA",  "1382",  "SHT", "2A",    "30/03/1997 00:01", "D", "",                    
"VS",  "012",   "VIR", "12E",   "29/04/2010 00:00", "A", "",                    
"BA",  "1385",  "SHT", "3N",    "30/03/1997 00:01", "A", "",                    
"BA",  "1387",  "SHT", "3P",    "30/03/1997 00:01", "A", "",                    
"BA",  "1388",  "SHT", "2M",    "30/03/1997 00:01", "D", "",                    
"BA",  "1389",  "SHT", "3R",    "30/03/1997 00:01", "A", "",                    
"BA",  "1391",  "SHT", "3U",    "30/03/1997 00:01", "A", "",                    
"BA",  "1394",  "SHT", "2V",    "30/03/1997 00:01", "D", "",                    
"BA",  "1395",  "SHT", "3F",    "30/03/1997 00:01", "A", "",                    
"BA",  "1396",  "SHT", "2P",    "30/03/1997 00:01", "D", "",                    
"BA",  "1398",  "SHT", "2G",    "30/03/1997 00:01", "D", "",                    
"BA",  "1399",  "SHT", "3L",    "30/03/1997 00:01", "A", "",                    
"BA",  "1402",  "SHT", "2K",    "30/03/1997 00:01", "D", "",                    
"BA",  "1403",  "SHT", "3V",    "30/03/1997 00:01", "A", "",                    
"BA",  "1404",  "SHT", "2R",    "30/03/1997 00:01", "D", "",                    
"BA",  "1405",  "SHT", "3T",    "30/03/1997 00:01", "A", "",                    
"BA",  "1407",  "SHT", "3Y",    "30/03/1997 00:01", "A", "",                    
"BA",  "1432",  "SHT", "8B",    "30/03/1997 00:01", "D", "",                    
"BA",  "1434",  "SHT", "8F",    "30/03/1997 00:01", "D", "",                    
"BA",  "1435",  "SHT", "9U",    "30/03/1997 00:01", "A", "",                    
"BA",  "1438",  "SHT", "8K",    "30/03/1997 00:01", "D", "",                    
"BA",  "1441",  "SHT", "9Z",    "30/03/1997 00:01", "A", "",                    
"BA",  "1442",  "SHT", "8R",    "30/03/1997 00:01", "D", "",                    
"BA",  "1443",  "SHT", "9B",    "30/03/1997 00:01", "A", "",                    
"BA",  "1445",  "SHT", "9J",    "30/03/1997 00:01", "A", "",                    
"BA",  "1446",  "SHT", "8Y",    "30/03/1997 00:01", "D", "",                    
"BA",  "1448",  "SHT", "8A",    "30/03/1997 00:01", "D", "",                    
"BA",  "1453",  "SHT", "9N",    "30/03/1997 00:01", "A", "",                    
"BA",  "1454",  "SHT", "8H",    "30/03/1997 00:01", "D", "",                    
"BA",  "1455",  "SHT", "14P",   "28/08/2012 00:01", "A", "",                    
"BA",  "1458",  "SHT", "8L",    "30/03/1997 00:01", "D", "",                    
"BA",  "1459",  "SHT", "9Y",    "30/03/1997 00:01", "A", "",                    
"BA",  "1462",  "SHT", "8V",    "30/03/1997 00:01", "D", "",                    
"BA",  "1472",  "SHT", "6C",    "30/03/1997 00:01", "D", "",                    
"BA",  "1474",  "SHT", "6G",    "30/03/1997 00:01", "D", "",                    
"BA",  "1475",  "SHT", "7S",    "30/03/1997 00:01", "A", "",                    
"BA",  "1476",  "SHT", "6L",    "30/03/1997 00:01", "D", "",                    
"BA",  "1482",  "SHT", "6T",    "30/03/1997 00:01", "D", "",                    
"BA",  "1483",  "SHT", "7Z",    "30/03/1997 00:01", "A", "",                    
"BA",  "1484",  "SHT", "6R",    "30/03/1997 00:01", "D", "",                    
"BA",  "1486",  "SHT", "6E",    "30/03/1997 00:01", "D", "",                    
"BA",  "1487",  "SHT", "7H",    "30/03/1997 00:01", "A", "",                    
"BA",  "1488",  "SHT", "6F",    "30/03/1997 00:01", "D", "",                    
"BA",  "1489",  "SHT", "7P",    "30/03/1997 00:01", "A", "",                    
"BA",  "1492",  "SHT", "6J",    "30/03/1997 00:01", "D", "",                    
"BA",  "1493",  "SHT", "7U",    "30/03/1997 00:01", "A", "",                    
"BA",  "1494",  "SHT", "6M",    "30/03/1997 00:01", "D", "",                    
"BA",  "1495",  "SHT", "7X",    "30/03/1997 00:01", "A", "",                    
"BA",  "1496",  "SHT", "6P",    "30/03/1997 00:01", "D", "",                    
"BA",  "1497",  "SHT", "7A",    "30/03/1997 00:01", "A", "",                    
"BA",  "1311",  "SHT", "19P",   "31/03/2013 00:00", "A", "",                    
"BA",  "1465",  "SHT", "9E",    "30/03/1997 00:01", "A", "",                    
"BA",  "1463",  "SHT", "9C",    "31/03/1997 00:01", "A", "",                    
"BA",  "1464",  "SHT", "8S",    "30/03/1997 00:01", "D", "",                    
"BA",  "1386",  "SHT", "2J",    "24/04/1997 00:01", "D", "",                    
"BA",  "990",   "BAW", "990G",  "01/12/1997 00:01", "D", "",                    
"BA",  "360",   "BAW", "41Y",   "04/02/2005 00:00", "D", "",                    
"BA",  "1301",  "SHT", "19S",   "27/03/2005 00:00", "A", "",                    
"BA",  "1304",  "SHT", "18Z",   "27/03/2005 00:00", "D", "",                    
"BA",  "1308",  "SHT", "18C",   "27/03/2005 00:00", "D", "",                    
"BA",  "1312",  "SHT", "18F",   "27/03/2005 00:00", "D", "",                    
"BA",  "1314",  "SHT", "18V",   "27/03/2005 00:00", "D", "",                    
"BA",  "1316",  "SHT", "18E",   "27/03/2005 00:00", "D", "",                    
"BA",  "1313",  "SHT", "19T",   "27/03/2005 00:00", "A", "",                    
"BA",  "1318",  "SHT", "18H",   "27/03/2005 00:00", "D", "",                    
"BA",  "1324",  "SHT", "12J",   "27/03/2005 00:00", "D", "",                    
"BA",  "1321",  "SHT", "13C",   "27/03/2005 00:00", "A", "",                    
"BA",  "1326",  "SHT", "12H",   "27/03/2005 00:00", "D", "",                    
"BA",  "1325",  "SHT", "13E",   "27/03/2005 00:00", "A", "",                    
"BA",  "1332",  "SHT", "12G",   "27/03/2005 00:00", "D", "",                    
"BA",  "1334",  "SHT", "12N",   "27/03/2005 00:00", "D", "",                    
"BA",  "1333",  "SHT", "13J",   "27/03/2005 00:00", "A", "",                    
"BA",  "1336",  "SHT", "12Q",   "27/03/2005 00:00", "D", "",                    
"BA",  "1335",  "SHT", "13K",   "27/03/2005 00:00", "A", "",                    
"BA",  "1338",  "SHT", "12T",   "27/03/2005 00:00", "D", "",                    
"BA",  "1337",  "SHT", "13L",   "27/03/2005 00:00", "A", "",                    
"BA",  "1341",  "SHT", "21Z",   "31/03/2013 00:00", "A", "",                    
"BA",  "1342",  "SHT", "20B",   "31/03/2013 00:00", "D", "",                    
"BA",  "1343",  "SHT", "21Y",   "31/03/2013 00:00", "A", "",                    
"BA",  "1344",  "SHT", "20C",   "31/03/2013 00:00", "D", "",                    
"BA",  "1345",  "SHT", "21X",   "31/03/2013 00:00", "A", "",                    
"BA",  "1346",  "SHT", "20D",   "31/03/2013 00:00", "D", "",                    
"BA",  "1347",  "SHT", "21V",   "31/03/2013 00:00", "A", "",                    
"BA",  "1370",  "SHT", "2L",    "31/03/2013 00:00", "D", "",                    
"BA",  "1371",  "SHT", "3G",    "31/03/2013 00:00", "A", "",                    
"BA",  "1372",  "SHT", "2N",    "31/03/2013 00:00", "D", "",                    
"BA",  "1375",  "SHT", "3J",    "31/03/2013 00:00", "A", "",                    
"BA",  "1376",  "SHT", "2F",    "31/03/2013 00:00", "D", "",                    
"AY",  "839",   "FIN", "839H",  "04/11/2000 00:01", "A", "",                    
"BA",  "212",   "BAW", "45B",   "26/03/2007 00:00", "A", "",                    
"BA",  "771",   "BAW", "771C",  "25/03/2007 00:00", "A", "",                    
"BA",  "777",   "BAW", "777C",  "25/03/2007 00:00", "A", "",                    
"BA",  "779",   "BAW", "779C",  "25/03/2007 00:00", "A", "",                    
"BA",  "1415",  "SHT", "88B",   "31/03/2013 00:00", "A", "",                    
"BA",  "1417",  "SHT", "88C",   "31/03/2013 00:00", "A", "",                    
"BA",  "783",   "BAW", "783C",  "25/03/2007 00:00", "A", "",                    
"BA",  "776",   "BAW", "776F",  "25/03/2007 00:00", "D", "",                    
"BA",  "778",   "BAW", "778F",  "25/03/2007 00:00", "D", "",                    
"BA",  "780",   "BAW", "780F",  "25/03/2007 00:00", "D", "",                    
"BA",  "782",   "BAW", "782F",  "25/03/2007 00:00", "D", "",                    
"BA",  "784",   "BAW", "784F",  "25/03/2007 00:00", "D", "",                    
"BA",  "786",   "BAW", "786F",  "25/03/2007 00:00", "D", "",                    
"AY",  "837",   "FIN", "837X",  "26/03/2001 00:01", "A", "",                    
"BA",  "176",   "BAW", "176A",  "28/10/2012 00:00", "A", "",                    
"CX",  "037",   "CPA", "037",   "01/11/2009 00:00", "A", "",                    
"BA",  "958",   "BAW", "958M",  "16/10/2001 00:01", "D", "",                    
"GA",  "087",   "GIA", "087",   "31/03/2016 00:00", "D", "",                    
"CX",  "007",   "CPA", "007",   "01/11/2009 00:00", "A", "",                    
"BA",  "1327",  "SHT", "13H",   "09/12/2009 00:00", "A", "",                    
"BA",  "112",   "BAW", "40F",   "16/05/2011 00:00", "A", "",                    
"BA",  "652",   "BAW", "880A",  "29/08/2016 00:00", "D", "",                    
"BA",  "1456",  "SHT", "8Q",    "10/12/2011 00:00", "D", "",                    
"AZ",  "208",   "AZA", "20Y",   "16/12/2009 00:00", "A", "",                    
"BA",  "1418",  "SHT", "86X",   "31/03/2013 00:00", "D", "",                    
"BA",  "579",   "BAW", "579V",  "30/10/2011 00:00", "A", "",                    
"BA",  "961",   "BAW", "961L",  "17/11/2006 00:00", "A", "",                    
"TP",  "358",   "TAP", "358M",  "08/09/2016 00:00", "A", "",                    
"AY",  "838",   "FIN", "8LP",   "28/10/2012 00:00", "D", "",                    
"LH",  "903",   "DLH", "5U",    "29/10/2019 00:00", "D", "",                    
"BA",  "565",   "BAW", "62NL",  "23/05/2011 00:00", "A", "",                    
"BA",  "602",   "BAW", "62AP",  "26/03/2017 00:00", "D", "",                    
"EI",  "722",   "EIN", "7EG",   "28/10/2018 00:00", "A", "",                    
"BA",  "1419",  "SHT", "88D",   "31/03/2013 00:00", "A", "",                    
"BA",  "570",   "BAW", "16GM",  "23/05/2011 00:00", "D", "",                    
"LH",  "919",   "DLH", "3H",    "29/10/2019 00:00", "D", "",                    
"VS",  "115",   "VIR", "115E",  "26/03/2017 00:00", "D", "",                    
"BA",  "215",   "BAW", "21G",   "28/10/2012 00:00", "D", "",                    
"BA",  "331",   "BAW", "331P",  "28/10/2012 00:00", "A", "",                    
"TK",  "1989",  "THY", "8YM",   "02/11/2019 00:00", "A", "",                    
"BA",  "335",   "BAW", "335P",  "28/10/2012 00:00", "A", "",                    
"BA",  "338",   "BAW", "338P",  "28/10/2012 00:00", "D", "",                    
"BA",  "417",   "BAW", "7LX",   "28/10/2012 00:00", "A", "",                    
"BA",  "418",   "BAW", "18LX",  "28/10/2012 00:00", "D", "",                    
"BA",  "1420",  "SHT", "86V",   "31/03/2013 00:00", "D", "",                    
"BA",  "1421",  "SHT", "88E",   "31/03/2013 00:00", "A", "",                    
"BA",  "1422",  "SHT", "86U",   "31/03/2013 00:00", "D", "",                    
"SN",  "2095",  "BEL", "7AH",   "31/10/2011 00:00", "A", "",                    
"AT",  "800",   "RAM", "800F",  "01/01/2014 00:00", "A", "",                    
"VS",  "010",   "VIR", "10H",   "03/01/2019 00:00", "A", "",                    
"EI",  "175",   "EIN", "17R",   "07/12/2007 00:00", "D", "",                    
"SK",  "803",   "SAS", "43A",   "14/02/2019 00:00", "A", "",                    
"TP",  "1358",  "TAP", "135Q",  "30/10/2019 00:00", "A", "",                    
"VS",  "019",   "VIR", "19Z",   "26/03/2017 00:00", "D", "",                    
"BA",  "1426",  "SHT", "86P",   "31/03/2013 00:00", "D", "",                    
"KL",  "1031",  "KLM", "61S",   "30/10/2019 00:00", "A", "",                    
"BA",  "1427",  "SHT", "88P",   "31/03/2013 00:00", "A", "",                    
"BA",  "1430",  "SHT", "86M",   "31/03/2013 00:00", "D", "",                    
"TK",  "1990",  "THY", "9QT",   "02/11/2019 00:00", "D", "",                    
"BA",  "1431",  "SHT", "88J",   "31/03/2013 00:00", "A", "",                    
"BA",  "055",   "BAW", "55K",   "15/12/2005 00:00", "D", "",                    
"BA",  "372",   "BAW", "2DP",   "01/04/2010 00:00", "D", "",                    
"BA",  "385",   "BAW", "93GB",  "15/12/2017 00:00", "A", "",                    
"BA",  "285",   "BAW", "11M",   "01/04/2010 00:00", "D", "",                    
"BA",  "393",   "BAW", "393B",  "27/03/2011 00:00", "A", "",                    
"BA",  "069",   "BAW", "69V",   "28/06/2018 00:00", "D", "",                    
"BA",  "395",   "BAW", "395B",  "27/03/2011 00:00", "A", "",                    
"BA",  "419",   "BAW", "19LX",  "27/03/2011 00:00", "A", "",                    
"VS",  "002",   "VIR", "2R",    "28/08/2014 00:00", "A", "",                    
"BA",  "912",   "BAW", "912N",  "29/10/2006 00:00", "D", "",                    
"BA",  "913",   "BAW", "913U",  "29/10/2006 00:00", "A", "",                    
"BA",  "916",   "BAW", "916N",  "29/10/2006 00:00", "D", "",                    
"BA",  "951",   "BAW", "951L",  "29/10/2006 00:00", "A", "",                    
"BA",  "953",   "BAW", "953L",  "29/10/2006 00:00", "A", "",                    
"BA",  "957",   "BAW", "957L",  "29/10/2006 00:00", "A", "",                    
"BA",  "960",   "BAW", "960M",  "29/10/2006 00:00", "D", "",                    
"BA",  "296",   "BAW", "24R",   "29/10/2006 00:00", "A", "",                    
"EY",  "010",   "ETD", "010",   "22/07/2019 00:00", "D", "",                    
"BA",  "781",   "BAW", "781C",  "29/10/2006 00:00", "A", "",                    
"BA",  "286",   "BAW", "6B",    "01/04/2010 00:00", "A", "",                    
"AZ",  "247",   "AZA", "87W",   "15/07/2018 00:00", "D", "",                    
"BA",  "218",   "BAW", "17V",   "26/03/2006 00:00", "A", "",                    
"BA",  "978",   "BAW", "978J",  "28/10/2018 00:00", "D", "",                    
"BA",  "1470",  "SHT", "74R",   "28/10/2018 00:00", "D", "",                    
"GF",  "007",   "GFA", "007",   "01/06/2010 00:00", "A", "",                    
"GF",  "003",   "GFA", "003",   "01/06/2010 00:00", "A", "",                    
"GF",  "002",   "GFA", "002",   "01/06/2010 00:00", "D", "",                    
"GF",  "006",   "GFA", "006",   "01/06/2010 00:00", "D", "",                    
"BA",  "1414",  "SHT", "86L",   "05/06/2015 00:00", "D", "",                    
"BA",  "366",   "BAW", "366U",  "19/08/2019 00:00", "D", "",                    
"BA",  "220",   "BAW", "02J",   "19/08/2019 00:00", "A", "",                    
"BA",  "872",   "BAW", "12P",   "10/07/2015 00:00", "D", "",                    
"BA",  "053",   "BAW", "5EA",   "13/11/2013 00:00", "D", "",                    
"BA",  "1485",  "SHT", "7G",    "20/08/2019 00:00", "A", "",                    
"BA",  "092",   "BAW", "5CA",   "29/08/2019 00:00", "A", "",                    
"BA",  "323",   "BAW", "323V",  "02/09/2019 00:00", "A", "",                    
"CX",  "038",   "CPA", "038",   "01/06/2010 00:00", "D", "",                    
"CX",  "008",   "CPA", "008",   "01/06/2010 00:00", "D", "",                    
"BA",  "1309",  "SHT", "19A",   "09/10/2006 00:00", "A", "",                    
"BA",  "661",   "BAW", "661Q",  "02/09/2019 00:00", "A", "",                    
"VS",  "007",   "VIR", "7B",    "13/08/2015 00:00", "D", "",                    
"J2",  "007",   "AHY", "007",   "01/06/2010 00:00", "A", "",                    
"J2",  "008",   "AHY", "008",   "01/06/2010 00:00", "D", "",                    
"BA",  "113",   "BAW", "33K",   "27/10/2013 00:00", "D", "",                    
"BA",  "488",   "BAW", "8GP",   "27/10/2013 00:00", "D", "",                    
"BA",  "350",   "BAW", "50EC",  "30/08/2019 00:00", "D", "",                    
"BA",  "194",   "BAW", "81V",   "14/11/2010 00:00", "A", "",                    
"EI",  "152",   "EIN", "15D",   "16/11/2010 00:00", "A", "",                    
"BA",  "492",   "BAW", "492U",  "27/10/2013 00:00", "D", "",                    
"BA",  "1490",  "SHT", "6K",    "07/12/2019 00:00", "D", "",                    
"LH",  "906",   "DLH", "4HT",   "29/03/2020 00:00", "A", "",                    
"OS",  "462",   "AUA", "4ZN",   "29/03/2020 00:00", "D", "",                    
"OS",  "451",   "AUA", "4CE",   "29/03/2020 00:00", "A", "",                    
"BA",  "562",   "BAW", "62MM",  "27/10/2013 00:00", "D", "",                    
"BA",  "576",   "BAW", "576V",  "27/10/2013 00:00", "D", "",                    
"BA",  "706",   "BAW", "706V",  "27/10/2013 00:00", "D", "",                    
"BA",  "720",   "BAW", "720T",  "27/10/2013 00:00", "D", "",                    
"OS",  "457",   "AUA", "4HV",   "29/03/2020 00:00", "A", "",                    
"BA",  "832",   "BAW", "84W",   "27/10/2013 00:00", "D", "",                    
"BA",  "920",   "BAW", "920X",  "27/10/2013 00:00", "D", "",                    
"BA",  "962",   "BAW", "962H",  "27/10/2013 00:00", "D", "",                    
"OS",  "461",   "AUA", "61ZT",  "29/03/2020 00:00", "A", "",                    
"BA",  "195",   "BAW", "26E",   "22/10/2008 00:00", "D", "",                    
"BA",  "202",   "BAW", "51B",   "27/10/2013 00:00", "A", "",                    
"BA",  "238",   "BAW", "29G",   "27/10/2013 00:00", "A", "",                    
"BA",  "174",   "BAW", "11J",   "26/10/2008 00:00", "A", "",                    
"BA",  "839",   "BAW", "83D",   "27/10/2013 00:00", "A", "",                    
"AY",  "1343",  "FIN", "28J",   "29/03/2020 00:00", "A", "",                    
"VS",  "022",   "VIR", "22Q",   "28/08/2014 00:00", "A", "",                    
"VS",  "026",   "VIR", "26Q",   "27/08/2014 00:00", "A", "",                    
"EW",  "2460",  "EWG", "5AL",   "29/03/2020 00:00", "A", "",                    
"SQ",  "7393",  "SIA", "7393",  "01/08/2014 00:00", "D", "",                    
"BA",  "1390",  "SHT", "2Q",    "06/11/2011 00:00", "D", "",                    
"BA",  "716",   "BAW", "14R",   "31/10/2010 00:00", "D", "",                    
"BA",  "206",   "BAW", "32N",   "31/10/2010 00:00", "A", "",                    
"BA",  "345",   "BAW", "33CE",  "31/10/2010 00:00", "A", "",                    
"EI",  "934",   "EIN", "93N",   "31/03/2019 00:00", "A", "",                    
"BA",  "906",   "BAW", "906N",  "01/12/2010 00:00", "D", "",                    
"BA",  "208",   "BAW", "34N",   "01/04/2009 00:00", "A", "",                    
"BA",  "227",   "BAW", "7TG",   "01/04/2009 00:00", "D", "",                    
"SN",  "2093",  "BEL", "2AH",   "01/11/2010 00:00", "A", "",                    
"SN",  "2103",  "BEL", "4AH",   "01/11/2010 00:00", "A", "",                    
"AZ",  "238",   "AZA", "79A",   "27/08/2008 00:00", "A", "",                    
"BA",  "066",   "BAW", "66V",   "31/05/2009 00:00", "A", "",                    
"BA",  "1409",  "SHT", "3Z",    "12/07/2009 00:00", "A", "",                    
"BA",  "289",   "BAW", "9CG",   "30/03/2008 00:00", "D", "",                    
"BA",  "9175E", "BAW", "9175",  "01/03/2012 00:00", "A", "",                    
"BA",  "9175E", "BAW", "9175",  "01/03/2012 00:00", "D", "",                    
"BA",  "9176E", "BAW", "9176",  "01/03/2012 00:00", "A", "",                    
"BA",  "9177E", "BAW", "9177",  "01/03/2012 00:00", "A", "",                    
"BA",  "1305",  "SHT", "19U",   "07/04/2008 00:00", "A", "",                    
"BA",  "717",   "BAW", "717T",  "27/03/2011 00:00", "A", "",                    
"BA",  "639",   "BAW", "639A",  "29/03/2020 00:00", "A", "",                    
"VS",  "303",   "VIR", "303E",  "29/03/2020 00:00", "A", "",                    
"BA",  "755",   "BAW", "59G",   "27/03/2011 00:00", "A", "",                    
"BA",  "9179E", "BAW", "9179",  "01/03/2012 00:00", "A", "",                    
"BA",  "941",   "BAW", "1DL",   "27/03/2011 00:00", "A", "",                    
"BA",  "9250P", "BAW", "9250",  "01/03/2012 00:00", "A", "",                    
"BA",  "9250P", "BAW", "9250",  "01/03/2012 00:00", "D", "",                    
"VS",  "302",   "VIR", "302G",  "29/03/2020 00:00", "D", "",                    
"BA",  "685",   "BAW", "685F",  "29/03/2020 00:00", "A", "",                    
"BA",  "9251P", "BAW", "9251",  "01/03/2012 00:00", "A", "",                    
"BA",  "9251P", "BAW", "9251",  "01/03/2012 00:00", "D", "",                    
"AY",  "833",   "FIN", "833H",  "13/12/2010 00:00", "A", "",                    
"BA",  "085",   "BAW", "5VY",   "30/03/2014 00:00", "D", "",                    
"BA",  "192",   "BAW", "92W",   "30/03/2014 00:00", "A", "",                    
"BA",  "193",   "BAW", "31F",   "30/03/2000 00:00", "D", "",                    
"BA",  "228",   "BAW", "22C",   "30/03/2014 00:00", "A", "",                    
"BA",  "084",   "BAW", "8C",    "28/10/2018 00:00", "A", "",                    
"BA",  "272",   "BAW", "72A",   "30/03/2014 00:00", "A", "",                    
"BA",  "634",   "BAW", "26AV",  "27/04/2011 00:00", "D", "",                    
"BA",  "067",   "BAW", "67V",   "27/04/2011 00:00", "D", "",                    
"BA",  "294",   "BAW", "20R",   "25/10/2009 00:00", "A", "",                    
"BA",  "333",   "BAW", "333P",  "30/03/2014 00:00", "A", "",                    
"BA",  "452",   "BAW", "2KP",   "30/03/2014 00:00", "D", "",                    
"AZ",  "210",   "AZA", "78M",   "15/01/2014 00:00", "A", "",                    
"BA",  "443",   "BAW", "43HA",  "19/04/2013 00:00", "A", "",                    
"BA",  "901",   "BAW", "901U",  "03/03/1995 01:01", "A", "",                    
"BA",  "903",   "BAW", "903U",  "03/03/1995 01:01", "A", "",                    
"BA",  "904",   "BAW", "904N",  "03/03/1995 01:01", "D", "",                    
"BA",  "908",   "BAW", "908N",  "03/03/1995 01:01", "D", "",                    
"BA",  "909",   "BAW", "909U",  "03/03/1995 01:01", "A", "",                    
"BA",  "952",   "BAW", "952M",  "03/03/1995 01:01", "D", "",                    
"BA",  "948",   "BAW", "948M",  "03/03/1995 01:01", "D", "",                    
"BA",  "984",   "BAW", "984G",  "03/03/1995 01:01", "D", "",                    
"BA",  "986",   "BAW", "986G",  "03/03/1995 01:01", "D", "",                    
"BA",  "902",   "BAW", "902N",  "03/03/1995 01:01", "D", "",                    
"BA",  "905",   "BAW", "905U",  "03/03/1995 01:01", "A", "",                    
"BA",  "910",   "BAW", "910N",  "03/03/1995 01:01", "D", "",                    
"BA",  "982",   "BAW", "982G",  "03/03/1995 01:01", "D", "",                    
"BA",  "988",   "BAW", "988G",  "03/03/1995 01:01", "D", "",                    
"BA",  "956",   "BAW", "956M",  "03/03/1995 01:01", "D", "",                    
"AZ",  "204",   "AZA", "97U",   "24/01/2011 00:00", "A", "",                    
"BA",  "561",   "BAW", "561",   "30/03/2014 00:00", "A", "",                    
"BA",  "848",   "BAW", "48G",   "28/10/2012 00:00", "D", "",                    
"BR",  "068",   "EVA", "068",   "27/03/2016 00:00", "D", "",                    
"BA",  "319",   "BAW", "319A",  "28/10/2018 00:00", "A", "",                    
"AM",  "007",   "AMX", "007",   "15/01/2013 00:00", "A", "",                    
"AM",  "008",   "AMX", "008",   "15/01/2013 00:00", "D", "",                    
"BA",  "868",   "BAW", "68H",   "30/03/2014 00:00", "D", "",                    
"BA",  "478",   "BAW", "478S",  "28/10/2018 00:00", "D", "",                    
"BA",  "911",   "BAW", "911U",  "01/01/1996 00:00", "A", "",                    
"BA",  "914",   "BAW", "914N",  "01/01/1996 00:00", "D", "",                    
"BA",  "949",   "BAW", "949L",  "01/01/1996 00:00", "A", "",                    
"BA",  "554",   "BAW", "554R",  "28/10/2018 00:00", "D", "",                    
"BA",  "640",   "BAW", "59T",   "28/10/2018 00:00", "D", "",                    
"EI",  "178",   "EIN", "17J",   "24/02/2015 00:00", "A", "",                    
"BA",  "547",   "BAW", "8CF",   "23/06/2014 00:00", "A", "",                    
"BA",  "684",   "BAW", "99M",   "28/10/2018 00:00", "D", "",                    
"BA",  "754",   "BAW", "754B",  "28/10/2018 00:00", "D", "",                    
"BA",  "865",   "BAW", "16H",   "01/11/2013 00:00", "A", "",                    
"BA",  "359",   "BAW", "40YL",  "01/11/2013 00:00", "A", "",                    
"BA",  "997",   "BAW", "997T",  "28/10/2018 00:00", "A", "",                    
"BA",  "573",   "BAW", "75M",   "02/11/2013 00:00", "A", "",                    
"BA",  "1469",  "SHT", "64U",   "28/10/2018 00:00", "A", "",                    
"BA",  "1471",  "SHT", "75A",   "28/10/2018 00:00", "A", "",                    
"BA",  "578",   "BAW", "15PZ",  "07/07/2014 00:00", "D", "",                    
"BA",  "458",   "BAW", "71MA",  "07/02/2014 00:00", "D", "",                    
"EI",  "153",   "EIN", "15M",   "05/02/2015 00:00", "D", "",                    
"SQ",  "7395",  "SIA", "7395",  "28/10/2012 00:00", "D", "",                    
"A3",  "603",   "AEE", "8SE",   "28/03/2016 00:00", "D", "",                    
"BA",  "731",   "BAW", "731W",  "29/03/2020 00:00", "A", "",                    
"AY",  "3126",  "FIN", "1PA",   "27/03/2016 00:00", "D", "",                    
"BA",  "823",   "BAW", "823D",  "29/03/2020 00:00", "A", "",                    
"BA",  "831",   "BAW", "831S",  "29/03/2020 00:00", "A", "",                    
"BA",  "877",   "BAW", "77CK",  "29/03/2020 00:00", "A", "",                    
"VS",  "104",   "VIR", "104L",  "27/10/2014 00:00", "A", "",                    
"VS",  "300",   "VIR", "300K",  "27/10/2014 00:00", "D", "",                    
"VS",  "001",   "VIR", "1F",    "01/04/2014 00:00", "D", "",                    
"AY",  "834",   "FIN", "5PA",   "12/12/2013 00:00", "D", "",                    
"BA",  "954",   "BAW", "954M",  "20/11/2014 00:00", "D", "",                    
"GA",  "086",   "GIA", "086",   "31/03/2016 00:00", "A", "",                    
"EY",  "019",   "ETD", "59V",   "03/04/2016 00:00", "A", "",                    
"VS",  "021",   "VIR", "21K",   "01/04/2014 00:00", "D", "",                    
"LX",  "318",   "SWR", "34E",   "27/03/2016 00:00", "A", "",                    
"EI",  "037",   "EIN", "03X",   "30/03/2014 00:00", "D", "",                    
"BA",  "993",   "BAW", "8RM",   "12/12/2014 00:00", "A", "",                    
"EY",  "011",   "ETD", "89G",   "31/10/2016 00:00", "A", "",                    
"BA",  "897",   "BAW", "897J",  "29/03/2020 00:00", "A", "",                    
"BA",  "963",   "BAW", "963H",  "29/03/2020 00:00", "A", "",                    
"AY",  "1331",  "FIN", "3ML",   "29/10/2017 00:00", "A", "",                    
"VS",  "024",   "VIR", "24M",   "30/03/2015 00:00", "A", "",                    
"OU",  "490",   "CTN", "82R",   "28/10/2012 00:00", "A", "",                    
"OU",  "491",   "CTN", "82W",   "28/10/2012 00:00", "D", "",                    
"BA",  "1351",  "SHT", "1351",  "29/03/2020 00:00", "A", "",                    
"BA",  "314",   "BAW", "314S",  "29/03/2020 00:00", "D", "",                    
"BA",  "095",   "BAW", "6NC",   "29/03/2015 00:00", "D", "",                    
"BA",  "614",   "BAW", "614B",  "29/03/2020 00:00", "D", "",                    
"BA",  "798",   "BAW", "798H",  "06/04/2015 00:00", "D", "",                    
"BA",  "648",   "BAW", "48CU",  "29/03/2020 00:00", "D", "",                    
"AY",  "996",   "FIN", "8RD",   "26/10/2014 00:00", "D", "",                    
"BA",  "284",   "BAW", "71F",   "26/10/2014 00:00", "A", "",                    
"BA",  "650",   "BAW", "6MK",   "29/03/2020 00:00", "D", "",                    
"BA",  "696",   "BAW", "696V",  "26/10/2014 00:00", "D", "",                    
"BA",  "768",   "BAW", "4VK",   "26/10/2014 00:00", "D", "",                    
"BA",  "770",   "BAW", "6VK",   "26/10/2014 00:00", "D", "",                    
"BA",  "837",   "BAW", "81D",   "26/10/2014 00:00", "A", "",                    
"BA",  "668",   "BAW", "668R",  "29/03/2020 00:00", "D", "",                    
"BA",  "933",   "BAW", "6DU",   "26/10/2014 00:00", "A", "",                    
"BA",  "945",   "BAW", "5DL",   "26/10/2014 00:00", "A", "",                    
"AY",  "1333",  "FIN", "8NR",   "29/10/2017 00:00", "A", "",                    
"AY",  "1334",  "FIN", "7AM",   "29/10/2017 00:00", "D", "",                    
"AY",  "1335",  "FIN", "7HX",   "29/10/2017 00:00", "A", "",                    
"AY",  "1336",  "FIN", "7AY",   "29/10/2017 00:00", "D", "",                    
"AY",  "1337",  "FIN", "7WG",   "29/10/2017 00:00", "A", "",                    
"BA",  "674",   "BAW", "4PV",   "29/03/2020 00:00", "D", "",                    
"BA",  "214",   "BAW", "80G",   "26/10/2014 00:00", "A", "",                    
"BA",  "775",   "BAW", "775C",  "28/10/2012 00:00", "A", "",                    
"BA",  "808",   "BAW", "808C",  "29/03/2020 00:00", "D", "",                    
"BA",  "1350",  "SHT", "1350",  "29/03/2020 00:00", "D", "",                    
"VS",  "004",   "VIR", "4C",    "26/10/2014 00:00", "A", "",                    
"QR",  "8291",  "QTR", "9AN",   "04/04/2020 00:00", "A", "",                    
"BA",  "9231C", "BAW", "305H",  "29/03/2015 00:00", "A", "",                    
"BA",  "481",   "BAW", "481B",  "29/03/2015 00:00", "A", "",                    
"EI",  "176",   "EIN", "1XT",   "31/03/2019 00:00", "A", "",                    
"BA",  "749",   "BAW", "76GF",  "29/03/2015 00:00", "A", "",                    
"KL",  "1022",  "KLM", "55W",   "07/11/2018 00:00", "D", "",                    
"BA",  "3285",  "CFE", "7MQ",   "10/04/2020 00:00", "A", "",                    
"BA",  "115",   "BAW", "15K",   "29/03/2015 00:00", "D", "",                    
"BA",  "9232C", "BAW", "23HL",  "29/03/2015 00:00", "D", "",                    
"VS",  "155",   "VIR", "155M",  "28/10/2018 00:00", "D", "",                    
"BA",  "306",   "BAW", "4DC",   "29/03/2015 00:00", "D", "",                    
"VS",  "156",   "VIR", "156G",  "28/10/2018 00:00", "A", "",                    
"BA",  "398",   "BAW", "398R",  "26/03/2017 00:00", "D", "",                    
"BA",  "804",   "BAW", "84LG",  "26/03/2017 00:00", "D", "",                    
"BA",  "806",   "BAW", "86LG",  "26/03/2017 00:00", "D", "",                    
"LH",  "2485",  "DLH", "5RJ",   "29/03/2020 00:00", "D", "",                    
"BA",  "850",   "BAW", "850T",  "26/03/2017 00:00", "D", "",                    
"LH",  "905",   "DLH", "6CF",   "25/10/2020 00:00", "D", "",                    
"LH",  "908",   "DLH", "9XV",   "25/10/2020 00:00", "A", "",                    
"BA",  "9138C", "BAW", "9138",  "26/03/2017 00:00", "D", "",                    
"BA",  "9230C", "BAW", "9230",  "26/03/2017 00:00", "D", "",                    
"LH",  "2487",  "DLH", "4WT",   "25/10/2020 00:00", "D", "",                    
"LH",  "915",   "DLH", "5MA",   "25/10/2020 00:00", "D", "",                    
"OS",  "456",   "AUA", "456",   "25/10/2020 00:00", "D", "",                    
"A3",  "600",   "AEE", "6AV",   "30/10/2017 00:00", "A", "",                    
"EI",  "151",   "EIN", "151",   "25/10/2020 00:00", "D", "",                    
"EI",  "154",   "EIN", "154",   "25/10/2020 00:00", "A", "",                    
"EI",  "158",   "EIN", "158",   "25/10/2020 00:00", "A", "",                    
"A3",  "602",   "AEE", "2EG",   "30/10/2017 00:00", "A", "",                    
"EI",  "159",   "EIN", "159",   "25/10/2020 00:00", "D", "",                    
"EI",  "164",   "EIN", "164",   "25/10/2020 00:00", "A", "",                    
"EI",  "381",   "EIN", "381",   "25/10/2020 00:00", "D", "",                    
"EI",  "179",   "EIN", "179",   "25/10/2020 00:00", "D", "",                    
"EI",  "715",   "EIN", "715",   "25/10/2020 00:00", "D", "",                    
"TP",  "374",   "TAP", "374J",  "26/03/2017 00:00", "A", "",                    
"BA",  "603",   "BAW", "73AP",  "26/03/2017 00:00", "A", "",                    
"VS",  "041",   "VIR", "41R",   "26/03/2017 00:00", "D", "",                    
"VS",  "042",   "VIR", "42X",   "26/03/2017 00:00", "A", "",                    
"KL",  "1027",  "KLM", "73L",   "26/03/2017 00:00", "A", "",                    
"BA",  "035F",  "BAW", "35",    "01/09/2020 00:00", "D", "",                    
"EI",  "724",   "EIN", "7LP",   "15/11/2018 00:00", "A", "",                    
"EI",  "165",   "EIN", "165",   "25/10/2020 00:00", "D", "",                    
"LH",  "909",   "DLH", "6VU",   "25/10/2020 00:00", "D", "",                    
"EI",  "172",   "EIN", "172",   "25/10/2020 00:00", "A", "",                    
"EI",  "163",   "EIN", "16C",   "31/10/2017 00:00", "D", "",                    
"EI",  "173",   "EIN", "17K",   "30/10/2017 00:00", "D", "",                    
"EI",  "177",   "EIN", "1YG",   "31/10/2017 00:00", "D", "",                    
"AY",  "1338",  "FIN", "4CE",   "31/10/2017 00:00", "D", "",                    
"KL",  "1023",  "KLM", "93K",   "31/10/2017 00:00", "A", "",                    
"VS",  "686",   "VIR", "686Q",  "03/05/2020 00:00", "A", "",                    
"BA",  "135F",  "BAW", "135",   "19/10/2020 00:00", "D", "",                    
"AF",  "1081",  "AFR", "10SY",  "25/10/2020 00:00", "D", "",                    
"VS",  "606",   "VIR", "606N",  "03/05/2020 00:00", "A", "",                    
"BA",  "1329",  "SHT", "13W",   "09/12/2017 00:00", "A", "",                    
"BA",  "409",   "BAW", "96VC",  "20/06/2019 00:00", "A", "",                    
"BA",  "638",   "BAW", "63GV",  "26/03/2017 00:00", "D", "",                    
"BA",  "9134C", "BAW", "9134",  "26/03/2017 00:00", "D", "",                    
"BA",  "9220C", "BAW", "9220",  "26/03/2017 00:00", "D", "",                    
"AF",  "1780",  "AFR", "17HD",  "25/10/2020 00:00", "A", "",                    
"BA",  "1477",  "SHT", "47G",   "28/05/2019 00:00", "A", "",                    
"BA",  "9236",  "BAW", "9236",  "26/03/2017 00:00", "D", "",                    
"BA",  "9248C", "BAW", "9248",  "26/03/2017 00:00", "D", "",                    
"AF",  "1280",  "AFR", "128R",  "25/10/2020 00:00", "A", "",                    
"AF",  "1781",  "AFR", "17LC",  "25/10/2020 00:00", "D", "",                    
"LX",  "325",   "SWR", "35N",   "31/10/2017 00:00", "D", "",                    
"IB",  "3162",  "IBE", "31BY",  "25/10/2020 00:00", "A", "",                    
"IB",  "3175",  "IBE", "31TW",  "25/10/2020 00:00", "D", "",                    
"IB",  "3176",  "IBE", "31GE",  "25/10/2020 00:00", "A", "",                    
"TK",  "1972",  "THY", "46R",   "25/10/2020 00:00", "D", "",                    
"IB",  "3177",  "IBE", "31TH",  "25/10/2020 00:00", "D", "",                    
"TK",  "1979",  "THY", "5DB",   "25/10/2020 00:00", "A", "",                    
"TK",  "1980",  "THY", "1TC",   "25/10/2020 00:00", "D", "",                    
"TK",  "1971",  "THY", "4BW",   "25/10/2020 00:00", "A", "",                    
"IB",  "3166",  "IBE", "31GY",  "25/10/2020 00:00", "A", "",                    
"IB",  "3167",  "IBE", "31WK",  "25/10/2020 00:00", "D", "",                    
"UK",  "017",   "VTI", "017",   "25/10/2020 00:00", "A", "",                    
"UK",  "018",   "VTI", "018",   "25/10/2020 00:00", "D", "",                    
"TP",  "1359",  "TAP", "135J",  "25/10/2020 00:00", "D", "",                    
"TP",  "1369",  "TAP", "136H",  "25/10/2020 00:00", "D", "",                    
"QR",  "008",   "QTR", "8UC",   "25/10/2020 00:00", "D", "",                    
"AF",  "1380",  "AFR", "13YD",  "25/10/2020 00:00", "A", "",                    
"AF",  "1281",  "AFR", "12WC",  "25/10/2020 00:00", "D", "",                    
"AF",  "1680",  "AFR", "16AL",  "25/10/2020 00:00", "A", "",                    
"AF",  "1681",  "AFR", "16JH",  "25/10/2020 00:00", "D", "",                    
"EW",  "460",   "EWG", "2B",    "25/10/2020 00:00", "A", "",                    
"AF",  "1581",  "AFR", "15AD",  "29/10/2020 00:00", "D", "",                    
"BA",  "887",   "BAW", "88TP",  "27/10/2020 00:00", "A", "",                    
"BA",  "421",   "BAW", "21LX",  "28/10/2018 00:00", "A", "",                    
"BA",  "767",   "BAW", "767V",  "27/10/2020 00:00", "A", "",                    
"BA",  "175",   "BAW", "17A",   "26/10/2020 00:00", "D", "",                    
"TP",  "362",   "TAP", "362R",  "31/10/2017 00:00", "A", "",                    
"TP",  "364",   "TAP", "364D",  "31/10/2017 00:00", "A", "",                    
"BA",  "2733",  "BAW", "2HK",   "26/10/2020 00:00", "A", "",                    
"LX",  "357",   "SWR", "37G",   "31/10/2017 00:00", "D", "",                    
"BA",  "329",   "BAW", "2PG",   "31/10/2017 00:00", "A", "",                    
"KL",  "1030",  "KLM", "66Q",   "01/11/2017 00:00", "D", "",                    
"BA",  "194F",  "BAW", "194",   "19/06/2020 00:00", "A", "",                    
"KE",  "503",   "KAL", "504",   "02/04/2020 00:00", "D", "",                    
"LH",  "2471",  "DLH", "7AC",   "25/10/2020 00:00", "D", "",                    
"LH",  "921",   "DLH", "3PJ",   "25/10/2020 00:00", "D", "",                    
"LH",  "2470",  "DLH", "5NC",   "25/10/2020 00:00", "A", "",                    
"LH",  "2474",  "DLH", "6NX",   "25/10/2020 00:00", "A", "",                    
"LH",  "2475",  "DLH", "8VR",   "25/10/2020 00:00", "D", "",                    
"LH",  "2480",  "DLH", "6HY",   "25/10/2020 00:00", "A", "",                    
"LH",  "2481",  "DLH", "9YY",   "25/10/2020 00:00", "D", "",                    
"VS",  "173",   "VIR", "173Y",  "25/10/2020 00:00", "D", "",                    
"VS",  "186",   "VIR", "186E",  "25/10/2020 00:00", "D", "",                    
"VS",  "187",   "VIR", "187G",  "25/10/2020 00:00", "A", "",                    
"BA",  "715",   "BAW", "715T",  "25/03/2018 00:00", "A", "",                    
"VS",  "137",   "VIR", "137Y",  "25/03/2018 00:00", "D", "",                    
"VS",  "138",   "VIR", "138M",  "25/03/2018 00:00", "A", "",                    
"BA",  "843",   "BAW", "843R",  "25/03/2018 00:00", "A", "",                    
"BA",  "191",   "BAW", "91C",   "25/03/2018 00:00", "D", "",                    
"BA",  "213",   "BAW", "13G",   "25/03/2018 00:00", "D", "",                    
"BA",  "416",   "BAW", "16LX",  "25/03/2018 00:00", "D", "",                    
"BA",  "588",   "BAW", "88L",   "25/03/2018 00:00", "D", "",                    
"LH",  "2473",  "DLH", "7PF",   "29/03/2020 00:00", "D", "",                    
"BA",  "712",   "BAW", "712T",  "25/03/2018 00:00", "D", "",                    
"BA",  "886",   "BAW", "886Q",  "25/03/2018 00:00", "D", "",                    
"BA",  "890",   "BAW", "90BG",  "25/03/2018 00:00", "D", "",                    
"LH",  "2476",  "DLH", "4YJ",   "29/03/2020 00:00", "A", "",                    
"LH",  "2482",  "DLH", "1HH",   "29/03/2020 00:00", "A", "",                    
"BA",  "477",   "BAW", "477",   "17/03/2018 00:00", "A", "",                    
"LH",  "2483",  "DLH", "4JT",   "29/03/2020 00:00", "D", "",                    
"OS",  "452",   "AUA", "452R",  "29/03/2020 00:00", "D", "",                    
"OS",  "458",   "AUA", "4MG",   "29/03/2020 00:00", "D", "",                    
"AY",  "1347",  "FIN", "78C",   "29/03/2020 00:00", "A", "",                    
"VS",  "355",   "VIR", "355B",  "29/03/2020 00:00", "A", "",                    
"BA",  "569",   "BAW", "569J",  "29/03/2020 00:00", "A", "",                    
"BA",  "342",   "BAW", "342N",  "29/03/2020 00:00", "D", "",                    
"AY",  "1340",  "FIN", "8AK",   "25/03/2018 00:00", "D", "",                    
"LX",  "326",   "SWR", "36A",   "25/03/2018 00:00", "A", "",                    
"BA",  "362",   "BAW", "362Y",  "29/03/2020 00:00", "D", "",                    
"BA",  "387",   "BAW", "387N",  "25/03/2018 00:00", "A", "",                    
"BA",  "8641",  "BAW", "97CG",  "25/03/2018 00:00", "A", "",                    
"BA",  "386",   "BAW", "86GB",  "25/03/2018 00:00", "D", "",                    
"BA",  "448",   "BAW", "448",   "25/03/2018 00:00", "D", "",                    
"BA",  "842",   "BAW", "842P",  "25/03/2018 00:00", "D", "",                    
"BA",  "508",   "BAW", "240F",  "29/03/2020 00:00", "D", "",                    
"BA",  "8586",  "BAW", "856K",  "25/03/2018 00:00", "D", "",                    
"BA",  "8594",  "BAW", "899C",  "25/03/2018 00:00", "D", "",                    
"EI",  "185",   "EIN", "18V",   "29/03/2020 00:00", "D", "",                    
"EW",  "469",   "EWG", "2LY",   "25/03/2018 00:00", "D", "",                    
"EW",  "2465",  "EWG", "7C",    "25/03/2018 00:00", "D", "",                    
"EW",  "4397",  "EWG", "82T",   "25/03/2018 00:00", "D", "",                    
"EW",  "7461",  "EWG", "5AW",   "25/03/2018 00:00", "D", "",                    
"EW",  "7463",  "EWG", "5JE",   "25/03/2018 00:00", "D", "",                    
"EW",  "8461",  "EWG", "7XL",   "25/03/2018 00:00", "D", "",                    
"EW",  "8463",  "EWG", "6TN",   "25/03/2018 00:00", "D", "",                    
"EW",  "8465",  "EWG", "9ZA",   "25/03/2018 00:00", "D", "",                    
"EW",  "9463",  "EWG", "48A",   "25/03/2018 00:00", "D", "",                    
"EW",  "9465",  "EWG", "7PY",   "25/03/2018 00:00", "D", "",                    
"EW",  "9467",  "EWG", "9P",    "25/03/2018 00:00", "D", "",                    
"EW",  "9469",  "EWG", "8JM",   "25/03/2018 00:00", "D", "",                    
"EW",  "2464",  "EWG", "5TV",   "25/03/2018 00:00", "A", "",                    
"EW",  "4396",  "EWG", "9EY",   "25/03/2018 00:00", "A", "",                    
"EW",  "7460",  "EWG", "5PK",   "25/03/2018 00:00", "A", "",                    
"EW",  "7462",  "EWG", "4C",    "25/03/2018 00:00", "A", "",                    
"EW",  "7464",  "EWG", "79R",   "25/03/2018 00:00", "A", "",                    
"EW",  "8460",  "EWG", "30N",   "25/03/2018 00:00", "A", "",                    
"BA",  "109F",  "BAW", "109",   "11/05/2020 00:00", "D", "",                    
"EW",  "8462",  "EWG", "9TV",   "25/03/2018 00:00", "A", "",                    
"EW",  "8464",  "EWG", "1ZB",   "25/03/2018 00:00", "A", "",                    
"EW",  "9462",  "EWG", "1AT",   "25/03/2018 00:00", "A", "",                    
"EW",  "9464",  "EWG", "12H",   "25/03/2018 00:00", "A", "",                    
"EW",  "9466",  "EWG", "6GC",   "25/03/2018 00:00", "A", "",                    
"EW",  "9468",  "EWG", "6VP",   "25/03/2018 00:00", "A", "",                    
"BA",  "454",   "BAW", "200M",  "30/06/2019 00:00", "D", "",                    
"BA",  "885",   "BAW", "885R",  "15/01/2019 00:00", "A", "",                    
"EY",  "009",   "ETD", "009",   "01/07/2019 00:00", "A", "",                    
"CI",  "081",   "CAL", "081",   "19/06/2020 00:00", "A", "",                    
"AZ",  "209",   "AZA", "20LF",  "26/06/2019 00:00", "D", "",                    
"CI",  "082",   "CAL", "082",   "24/06/2020 00:00", "D", "",                    
"EW",  "4466",  "EWG", "61K",   "30/10/2016 00:00", "A", "",                    
"VS",  "046",   "VIR", "46K",   "27/10/2019 00:00", "A", "",                    
"BA",  "223",   "BAW", "223N",  "27/10/2019 00:00", "D", "",                    
"BA",  "9135C", "BAW", "9135",  "26/03/2017 00:00", "A", "",                    
"BA",  "224",   "BAW", "224U",  "27/10/2019 00:00", "A", "",                    
"BA",  "225",   "BAW", "225Y",  "27/10/2019 00:00", "D", "",                    
"BA",  "369",   "BAW", "13MR",  "27/10/2019 00:00", "A", "",                    
"BA",  "408",   "BAW", "408V",  "27/10/2019 00:00", "D", "",                    
"BA",  "425",   "BAW", "25LX",  "27/10/2019 00:00", "A", "",                    
"BA",  "474",   "BAW", "474K",  "27/10/2019 00:00", "D", "",                    
"BA",  "483",   "BAW", "483B",  "27/10/2019 00:00", "A", "",                    
"BA",  "556",   "BAW", "556Q",  "27/10/2019 00:00", "D", "",                    
"BA",  "559",   "BAW", "55CO",  "27/10/2019 00:00", "A", "",                    
"BA",  "568",   "BAW", "568J",  "27/10/2019 00:00", "D", "",                    
"BA",  "581",   "BAW", "581X",  "27/10/2019 00:00", "A", "",                    
"BA",  "594",   "BAW", "594R",  "27/10/2019 00:00", "D", "",                    
"BA",  "595",   "BAW", "595N",  "27/10/2019 00:00", "A", "",                    
"BA",  "664",   "BAW", "664C",  "27/10/2019 00:00", "D", "",                    
"BA",  "702",   "BAW", "702E",  "27/10/2019 00:00", "D", "",                    
"BA",  "722",   "BAW", "722P",  "27/10/2019 00:00", "D", "",                    
"BA",  "742",   "BAW", "742S",  "27/10/2019 00:00", "D", "",                    
"BA",  "796",   "BAW", "796K",  "27/10/2019 00:00", "D", "",                    
"BA",  "830",   "BAW", "830D",  "27/10/2019 00:00", "D", "",                    
"BA",  "856",   "BAW", "856Z",  "27/10/2019 00:00", "D", "",                    
"BA",  "891",   "BAW", "91BG",  "27/10/2019 00:00", "A", "",                    
"BA",  "927",   "BAW", "927L",  "27/10/2019 00:00", "A", "",                    
"BA",  "977",   "BAW", "977J",  "27/10/2019 00:00", "A", "",                    
"BA",  "1340",  "SHT", "1340",  "25/03/2018 00:00", "D", "",                    
"BA",  "989",   "BAW", "989T",  "27/10/2019 00:00", "A", "",                    
"TP",  "363",   "TAP", "363W",  "25/03/2018 00:00", "D", "",                    
"BA",  "2659",  "BAW", "9WE",   "27/10/2019 00:00", "A", "",                    
"EI",  "034",   "EIN", "03N",   "25/03/2018 00:00", "A", "",                    
"AZ",  "212",   "AZA", "58Y",   "25/03/2018 00:00", "A", "",                    
"VS",  "604",   "VIR", "604L",  "03/05/2020 00:00", "A", "",                    
"SK",  "4627",  "SAS", "79H",   "27/10/2019 00:00", "A", "",                    
"TK",  "1984",  "THY", "4VC",   "01/08/2020 00:00", "D", "",                    
"VS",  "681",   "VIR", "681B",  "03/05/2020 00:00", "D", "",                    
"BA",  "1423",  "SHT", "88T",   "15/11/2018 00:00", "A", "",                    
"BA",  "1439",  "SHT", "90P",   "15/11/2018 00:00", "A", "",                    
"TP",  "356",   "TAP", "356R",  "25/03/2018 00:00", "A", "",                    
"LO",  "279",   "LOT", "27E",   "27/10/2019 00:00", "A", "",                    
"LO",  "280",   "LOT", "2NM",   "27/10/2019 00:00", "D", "",                    
"TP",  "1361",  "TAP", "136D",  "24/10/2019 00:00", "D", "",                    
"BA",  "143F",  "BAW", "143",   "22/06/2020 00:00", "D", "",                    
"BA",  "048",   "BAW", "48Q",   "26/03/2017 00:00", "A", "",                    
"TK",  "1983",  "THY", "6LB",   "01/08/2020 00:00", "A", "",                    
"QR",  "006",   "QTR", "5YK",   "01/08/2020 00:00", "D", "",                    
"BA",  "1317",  "SHT", "19XG",  "21/04/2017 00:00", "A", "",                    
"BA",  "977F",  "BAW", "977",   "21/09/2020 00:00", "A", "",                    
"BA",  "068",   "BAW", "68V",   "10/04/2018 00:00", "A", "",                    
"TP",  "359",   "TAP", "359A",  "26/03/2018 00:00", "D", "",                    
"EI",  "166",   "EIN", "16Y",   "25/03/2018 00:00", "A", "",                    
"EI",  "162",   "EIN", "1VR",   "25/03/2018 00:00", "A", "",                    
"EI",  "167",   "EIN", "16T",   "25/03/2018 00:00", "D", "",                    
"LH",  "923",   "DLH", "6U",    "25/03/2018 00:00", "D", "",                    
"LH",  "901",   "DLH", "3LX",   "25/10/2020 00:00", "D", "",                    
"LH",  "904",   "DLH", "5RL",   "25/10/2020 00:00", "A", "",                    
"LH",  "907",   "DLH", "1U",    "25/03/2018 00:00", "D", "",                    
"OS",  "455",   "AUA", "455",   "25/10/2020 00:00", "A", "",                    
"QR",  "007",   "QTR", "4LA",   "27/10/2019 00:00", "A", "",                    
"QR",  "001",   "QTR", "5AT",   "27/10/2019 00:00", "A", "",                    
"LH",  "916",   "DLH", "9TX",   "25/10/2020 00:00", "A", "",                    
"EY",  "020",   "ETD", "15R",   "25/03/2018 00:00", "D", "31/10/2020 00:00",    
"LO",  "282",   "LOT", "282",   "25/10/2020 00:00", "D", "",                    
"VS",  "174",   "VIR", "174N",  "25/10/2020 00:00", "A", "",                    
"KL",  "1021",  "KLM", "57A",   "25/03/2018 00:00", "A", "",                    
"VS",  "188",   "VIR", "188Q",  "25/10/2020 00:00", "D", "",                    
"BA",  "864",   "BAW", "864W",  "26/03/2018 00:00", "D", "",                    
"VS",  "189",   "VIR", "189B",  "25/10/2020 00:00", "A", "",                    
"AF",  "1181",  "AFR", "11JT",  "29/10/2020 00:00", "D", "",                    
"VS",  "116",   "VIR", "116F",  "10/04/2017 00:00", "A", "",                    
"AF",  "1580",  "AFR", "15NP",  "29/10/2020 00:00", "A", "",                    
"KM",  "100",   "AMC", "100A",  "27/03/2018 00:00", "A", "",                    
"SN",  "2096",  "BEL", "93B",   "28/03/2018 00:00", "D", "",                    
"LA",  "8084",  "TAM", "8084",  "11/05/2018 00:00", "A", "",                    
"VY",  "7841",  "VLG", "41TT",  "02/12/2017 00:00", "D", "",                    
"LA",  "8085",  "TAM", "8085",  "11/05/2018 00:00", "D", "",                    
"VS",  "106",   "VIR", "106F",  "28/04/2018 00:00", "A", "",                    
"BE",  "2101",  "BEE", "61A",   "27/10/2019 00:00", "A", "",                    
"BE",  "2181",  "BEE", "7BJ",   "27/10/2019 00:00", "A", "",                    
"BE",  "2121",  "BEE", "8AM",   "27/10/2019 00:00", "A", "",                    
"BE",  "2103",  "BEE", "23J",   "27/10/2019 00:00", "A", "",                    
"BE",  "2183",  "BEE", "4RM",   "27/10/2019 00:00", "A", "",                    
"BE",  "2105",  "BEE", "8GJ",   "27/10/2019 00:00", "A", "",                    
"BE",  "2123",  "BEE", "7LB",   "27/10/2019 00:00", "A", "",                    
"BE",  "2195",  "BEE", "6CA",   "27/10/2019 00:00", "A", "",                    
"BE",  "2185",  "BEE", "6NL",   "27/10/2019 00:00", "A", "",                    
"BE",  "2107",  "BEE", "6EJ",   "27/10/2019 00:00", "A", "",                    
"BE",  "2127",  "BEE", "9JV",   "27/10/2019 00:00", "A", "",                    
"BE",  "2187",  "BEE", "1PL",   "27/10/2019 00:00", "A", "",                    
"BE",  "2109",  "BEE", "3KD",   "27/10/2019 00:00", "A", "",                    
"QR",  "015",   "QTR", "5CF",   "27/10/2019 00:00", "A", "",                    
"BE",  "2100",  "BEE", "9PG",   "27/10/2019 00:00", "D", "",                    
"BE",  "2102",  "BEE", "4RB",   "27/10/2019 00:00", "D", "",                    
"BE",  "2182",  "BEE", "72H",   "27/10/2019 00:00", "D", "",                    
"BE",  "2122",  "BEE", "9CE",   "27/10/2019 00:00", "D", "",                    
"BE",  "2104",  "BEE", "9PY",   "27/10/2019 00:00", "D", "",                    
"BE",  "2184",  "BEE", "7DR",   "27/10/2019 00:00", "D", "",                    
"BE",  "2106",  "BEE", "3DE",   "27/10/2019 00:00", "D", "",                    
"BE",  "2124",  "BEE", "5LK",   "27/10/2019 00:00", "D", "",                    
"BE",  "2186",  "BEE", "529K",  "27/10/2019 00:00", "D", "",                    
"BE",  "2196",  "BEE", "3EJ",   "27/10/2019 00:00", "D", "",                    
"BE",  "2108",  "BEE", "2AB",   "27/10/2019 00:00", "D", "",                    
"BE",  "2128",  "BEE", "24W",   "27/10/2019 00:00", "D", "",                    
"BE",  "2188",  "BEE", "1DJ",   "27/10/2019 00:00", "D", "",                    
"BE",  "2110",  "BEE", "7LM",   "27/10/2019 00:00", "D", "",                    
"QR",  "005",   "QTR", "8FV",   "27/10/2019 00:00", "A", "",                    
"BE",  "2111",  "BEE", "3BU",   "27/10/2019 00:00", "A", "",                    
"TK",  "1987",  "THY", "1BM",   "27/10/2019 00:00", "A", "",                    
"TK",  "1985",  "THY", "7SG",   "27/10/2019 00:00", "A", "",                    
"TK",  "1988",  "THY", "1MA",   "27/10/2019 00:00", "D", "",                    
"TK",  "1986",  "THY", "1CH",   "27/10/2019 00:00", "D", "",                    
"QR",  "016",   "QTR", "1RJ",   "27/10/2019 00:00", "D", "",                    
"SK",  "501",   "SAS", "51M",   "28/10/2019 00:00", "A", "",                    
"SK",  "525",   "SAS", "52H",   "28/10/2019 00:00", "A", "",                    
"SK",  "526",   "SAS", "56Y",   "28/10/2019 00:00", "D", "",                    
"BA",  "088F",  "BAW", "88",    "27/04/2020 00:00", "A", "",                    
"BA",  "439",   "BAW", "439M",  "27/10/2019 00:00", "A", "",                    
"BE",  "2125",  "BEE", "7DK",   "28/10/2019 00:00", "A", "",                    
"BE",  "2126",  "BEE", "8VP",   "28/10/2019 00:00", "D", "",                    
"BA",  "708F",  "BAW", "708",   "27/04/2020 00:00", "D", "",                    
"BA",  "709F",  "BAW", "709",   "27/04/2020 00:00", "A", "",                    
"BR",  "069",   "EVA", "069",   "01/05/2020 00:00", "A", "",                    
"AY",  "1341",  "FIN", "8DA",   "28/10/2018 00:00", "A", "",                    
"BA",  "343",   "BAW", "343E",  "28/10/2018 00:00", "A", "",                    
"BA",  "434",   "BAW", "49E",   "28/10/2018 00:00", "D", "",                    
"BA",  "824",   "BAW", "82DM",  "28/10/2018 00:00", "D", "",                    
"BA",  "828",   "BAW", "828Y",  "28/10/2018 00:00", "D", "",                    
"BA",  "863",   "BAW", "863Z",  "28/10/2018 00:00", "A", "",                    
"LX",  "317",   "SWR", "32Z",   "25/10/2020 00:00", "D", "",                    
"BA",  "011F",  "BAW", "11",    "01/05/2020 00:00", "D", "",                    
"BA",  "676F",  "BAW", "676",   "01/05/2020 00:00", "D", "",                    
"BA",  "139F",  "BAW", "139",   "01/05/2020 00:00", "D", "",                    
"BA",  "173F",  "BAW", "173",   "01/05/2020 00:00", "D", "",                    
"BA",  "296F",  "BAW", "296",   "01/05/2020 00:00", "A", "",                    
"BA",  "677F",  "BAW", "677",   "01/05/2020 00:00", "A", "",                    
"BA",  "794F",  "BAW", "794",   "01/06/2020 00:00", "D", "",                    
"BA",  "9114",  "BAW", "58L",   "01/06/2020 00:00", "A", "",                    
"BA",  "663F",  "BAW", "663",   "01/06/2020 00:00", "A", "",                    
"BA",  "049F",  "BAW", "49",    "01/06/2020 00:00", "D", "",                    
"BA",  "048F",  "BAW", "48",    "01/06/2020 00:00", "A", "",                    
"QR",  "009",   "QTR", "009",   "01/06/2020 00:00", "A", "",                    
"BA",  "233F",  "BAW", "233",   "01/07/2020 00:00", "D", "",                    
"LH",  "911",   "DLH", "8H",    "29/10/2019 00:00", "D", "",                    
"BA",  "195F",  "BAW", "195",   "01/07/2020 00:00", "D", "",                    
"BA",  "632F",  "BAW", "632",   "01/07/2020 00:00", "D", "",                    
"BA",  "010F",  "BAW", "10",    "01/07/2020 00:00", "A", "",                    
"BA",  "142F",  "BAW", "142",   "01/07/2020 00:00", "A", "",                    
"BA",  "275F",  "BAW", "275",   "01/08/2020 00:00", "D", "",                    
"TP",  "2678",  "TAP", "267A",  "14/08/2020 00:00", "A", "",                    
"TP",  "2681",  "TAP", "268D",  "08/08/2020 00:00", "D", "",                    
"SK",  "1527",  "SAS", "93K",   "29/10/2019 00:00", "A", "",                    
"VS",  "008",   "VIR", "8F",    "29/03/2020 00:00", "A", "",                    
"EI",  "723",   "EIN", "723",   "25/10/2020 00:00", "D", "",                    
"EI",  "935",   "EIN", "935",   "25/10/2020 00:00", "D", "",                    
"BA",  "028F",  "BAW", "28",    "08/04/2020 00:00", "A", "",                    
"BA",  "1330",  "SHT", "1330",  "19/09/2018 00:00", "D", "",                    
"BA",  "1323",  "SHT", "13X",   "19/09/2018 00:00", "A", "",                    
"BA",  "009F",  "BAW", "9",     "15/06/2020 00:00", "D", "",                    
"BA",  "108F",  "BAW", "108",   "15/04/2020 00:00", "A", "",                    
"TP",  "2916",  "TAP", "291J",  "08/08/2020 00:00", "A", "",                    
"TP",  "2680",  "TAP", "268B",  "08/08/2020 00:00", "A", "",                    
"BA",  "034F",  "BAW", "34",    "17/08/2020 00:00", "A", "",                    
"BA",  "162F",  "BAW", "162",   "17/08/2020 00:00", "A", "",                    
"BA",  "443F",  "BAW", "443",   "24/08/2020 00:00", "A", "",                    
"BA",  "638F",  "BAW", "638",   "24/08/2020 00:00", "D", "",                    
"BA",  "033F",  "BAW", "33",    "24/08/2020 00:00", "D", "",                    
"T3",  "333",   "EZE", "33M",   "14/09/2020 00:00", "A", "",                    
"T3",  "338",   "EZE", "38M",   "14/09/2020 00:00", "D", "",                    
"QY",  "6777",  "BCS", "89N",   "12/09/2020 00:00", "D", "",                    
"BA",  "2553",  "BAW", "205E",  "17/09/2020 00:00", "A", "",                    
"AZ",  "202",   "AZA", "75KC",  "21/09/2020 00:00", "A", "",                    
"BA",  "919",   "BAW", "3HK",   "01/10/2020 00:00", "A", "",                    
"BA",  "2796",  "BAW", "796Q",  "02/10/2020 00:00", "D", "",                    
"VS",  "608",   "VIR", "608F",  "08/08/2020 00:00", "A", "",                    
"LH",  "914",   "DLH", "4CR",   "25/10/2020 00:00", "A", "",                    
"LH",  "917",   "DLH", "4UP",   "25/10/2020 00:00", "D", "",                    
"LH",  "922",   "DLH", "7TX",   "25/10/2020 00:00", "A", "",                    
"LH",  "924",   "DLH", "5PF",   "25/10/2020 00:00", "A", "",                    
"LH",  "925",   "DLH", "9CF",   "25/10/2020 00:00", "D", "",                    
"LH",  "2484",  "DLH", "1TY",   "25/10/2020 00:00", "A", "",                    
"LH",  "2486",  "DLH", "2FF",   "25/10/2020 00:00", "A", "",                    
"EI",  "384",   "EIN", "384",   "25/10/2020 00:00", "A", "",                    
"EI",  "710",   "EIN", "71K",   "25/10/2020 00:00", "A", "",                    
"BA",  "248F",  "BAW", "248",   "17/08/2020 00:00", "A", "",                    
"BA",  "632",   "BAW", "32T",   "28/10/2018 00:00", "D", "",                    
"BA",  "455",   "BAW", "900A",  "17/08/2020 00:00", "A", "",                    
"QY",  "6718",  "BCS", "13G",   "29/03/2020 00:00", "A", "",                    
"BA",  "118F",  "BAW", "118",   "01/06/2020 00:00", "A", "",                    
"BA",  "119F",  "BAW", "119",   "08/06/2020 00:00", "D", "",                    
"VS",  "117",   "VIR", "117F",  "10/01/2018 00:00", "D", "",                    
"CX",  "009",   "CPA", "009",   "01/03/2020 00:00", "A", "",                    
"LH",  "2477",  "DLH", "2MF",   "29/03/2020 00:00", "D", "",                    
"LH",  "2478",  "DLH", "1EN",   "29/03/2020 00:00", "A", "",                    
"LH",  "2479",  "DLH", "8FW",   "29/03/2020 00:00", "D", "",                    
"LX",  "327",   "SWR", "31Y",   "29/03/2020 00:00", "D", "",                    
"BA",  "375",   "BAW", "375Z",  "29/03/2020 00:00", "A", "",                    
"BA",  "660",   "BAW", "660E",  "29/03/2020 00:00", "D", "",                    
"BA",  "666",   "BAW", "666T",  "29/03/2020 00:00", "D", "",                    
"BA",  "3288",  "CFE", "90K",   "29/03/2020 00:00", "D", "",                    
"BA",  "3287",  "CFE", "3287",  "29/03/2020 00:00", "A", "",                    
"TP",  "377",   "TAP", "377G",  "26/03/2017 00:00", "D", "",                    
"QR",  "010",   "QTR", "7GU",   "29/03/2020 00:00", "D", "",                    
"A3",  "773",   "AEE", "7LH",   "05/06/2017 00:00", "D", "",                    
"QR",  "003",   "QTR", "3EM",   "29/03/2020 00:00", "A", "",                    
"BA",  "611",   "BAW", "61XM",  "16/04/2017 00:00", "A", "",                    
"QR",  "004",   "QTR", "6KG",   "29/03/2020 00:00", "D", "",                    
"QR",  "002",   "QTR", "8RF",   "29/03/2020 00:00", "D", "",                    
"QR",  "011",   "QTR", "5JY",   "29/03/2020 00:00", "A", "",                    
"BA",  "164F",  "BAW", "164",   "29/03/2020 00:00", "A", "",                    
"BA",  "066F",  "BAW", "66",    "29/03/2020 00:00", "A", "",                    
"BA",  "226F",  "BAW", "226",   "29/03/2020 00:00", "A", "",                    
"BA",  "192F",  "BAW", "192",   "29/03/2020 00:00", "A", "",                    
"BA",  "281F",  "BAW", "281",   "29/03/2020 00:00", "D", "",                    
"BA",  "287F",  "BAW", "287",   "29/03/2020 00:00", "D", "",                    
"BA",  "067F",  "BAW", "67",    "29/03/2020 00:00", "D", "",                    
"BA",  "193F",  "BAW", "193",   "29/03/2020 00:00", "D", "",                    
"BA",  "227F",  "BAW", "227",   "29/03/2020 00:00", "D", "",                    
"BA",  "297F",  "BAW", "297",   "29/03/2020 00:00", "D", "",                    
"BA",  "099F",  "BAW", "99",    "29/03/2020 00:00", "D", "",                    
"BA",  "179F",  "BAW", "179",   "29/03/2020 00:00", "D", "",                    
"BA",  "294F",  "BAW", "294",   "29/03/2020 00:00", "A", "",                    
"BA",  "216F",  "BAW", "216",   "29/03/2020 00:00", "A", "",                    
"BA",  "116F",  "BAW", "116",   "29/03/2020 00:00", "A", "",                    
"BA",  "098F",  "BAW", "98",    "29/03/2020 00:00", "A", "",                    
"BA",  "284F",  "BAW", "284",   "29/03/2020 00:00", "A", "",                    
"BA",  "280F",  "BAW", "280",   "29/03/2020 00:00", "A", "",                    
"BA",  "217F",  "BAW", "217",   "29/03/2020 00:00", "D", "",                    
